ID_FINAL,1,2,3
6,0.101832009220512,0.897764175195766,0
7,0.0857137185977855,0.91388103503502,0
15,0.158753765579006,0.754668067017827,0.0862018335560828
20,0.220503145489104,0.666118921039382,0.113024150988591
42,0.412013546656995,0.268190913447812,0.31957852870956
46,0.00203720254233107,0,0.998000378488954
47,0.619708379336488,0.0882732367053624,0.291836453043754
63,0.489882884900398,0.236151218711836,0.273765738138116
67,0.0597259084591196,0.908146452550746,0.0317068015276473
68,0.146418414653663,0.51891692390834,0.334392677034915
69,0.430380472961076,0,0.569550557693404
72,0.706975212176203,0.0251627412955849,0.267718131775965
74,0.160256395572062,0.809918877749289,0.0294275016298723
86,0.13215294886812,0.784613951162127,0.0828472919636865
87,0.326637005181116,0.27651976535861,0.396643751193785
92,0,0.999565393355989,0
97,0.0362811774687486,0.747902835174194,0.215465440140302
100,0.080400953291766,0.919189137353381,0
106,0.400213880705015,0.580852677506205,0.0185845250621766
110,0.127717978143738,0.471997556182359,0.40003687162447
113,0,0.909975635673142,0.0896119500616222
117,0.33772543648558,0.357676196645264,0.304355442193144
121,0.099957379435804,0.708295374541482,0.191410600654825
129,0.296505269562369,0.531997806722326,0.171187095333231
133,0.39263128932924,0.375482882026478,0.231642726742882
138,0,0.978877944136316,0.0206838284857645
144,0.0376108909761987,0.933693498687909,0.0282661531525808
149,0.123897661168386,0.875693432869006,0
153,0.123897661168386,0.875693432869006,0
158,0,0.999573720536586,0
159,0.145122214442472,0.630615246751339,0.223944671662312
162,0.039043558009472,0.836613998978654,0.123950991190268
163,0,0.999567976306657,0
169,0.125447922974595,0.492683496611329,0.38161190155419
170,0.23842278318231,0.557929923702629,0.203338689655988
174,0.20367661989321,0.536231446878578,0.259798286414297
177,0.0890010747381012,0.286088025435319,0.624743921806517
179,0.0077882879329321,0.445962514972912,0.546040950925691
186,0.0608461285133636,0.459595098585562,0.479331488165575
189,0.0843676369136297,0.831299582900968,0.0839377979317067
192,0.218906280745557,0.733662467224314,0.0470537325313651
200,0,0.999560492640797,0
203,0,0.999565393355989,0
207,0.0391024428139212,0.430090202450211,0.530593547730542
210,0,0.924669344563738,0.0749149469975635
211,0,0.947790612727686,0.051788567167005
214,0.730860230169034,0,0.268996033810611
221,0.113096998722002,0.663280180785281,0.223297413775808
222,0.803074716866354,0,0.196801446491349
228,0.102426006642107,0.502691955511081,0.394622410039338
235,0.12725513181666,0.795388935118712,0.0769673666598759
242,0.417803072834806,0.209828054022378,0.372171774270253
244,0.562775599804436,0,0.437488245186264
247,0.31450254009523,0.56155404841553,0.12361871841072
266,0,0.682449030641415,0.317236117987214
267,0,0.883832149816957,0.115776639789179
271,0.614129769855029,0.335205467578195,0.0503804453731134
274,0,0.747643454940257,0.252013033126618
276,0.0107489334243402,0.831994347623676,0.156873064303822
284,0,0.732509428276324,0.26716773111268
285,0,0.305594681823507,0.69426692695382
287,0.614129769855029,0.335205467578195,0.0503804453731134
290,0.0104036382632071,0.628635461083807,0.3606694926499
302,0.0337920523392762,0.475179142830201,0.49079430581176
303,0.244633643954915,0.72505541794466,0.0299369383785165
304,0,0.999572765875165,0
305,0.107350482693822,0.742985042597112,0.149301605640191
306,0,0.999565393355989,0
315,0.0866947322132137,0.816734756068199,0.0961849061011459
320,0,0.956034531158871,0.0435408723727536
322,0.153105790089327,0.60142203982083,0.245159045675831
325,0,0.471520553419985,0.52826592557785
328,0.0675902249591835,0.829831634540461,0.102192562381441
330,0,0.956034531158871,0.0435408723727536
343,0.443090349073966,0.473182826145333,0.0834429547567331
355,0.234573158229219,0.333109103796318,0.432104757044636
358,0.00813358309406358,0.649321401512776,0.34224452257962
360,0.0487804608970989,0.950789500101877,0
361,0,0.152926021752083,0.847003621013897
363,0,0.999565393355989,0
366,0.36637752761297,0.62412592511659,0.00913506112798942
376,0.160256395572062,0.809918877749289,0.0294275016298723
377,0.0335376260737408,0.762349908105425,0.203755965527644
390,0.343700980466529,0.655943156090325,0
391,0.00847887825519671,0.852680288052645,0.138448094233542
393,0.532893346460381,0.155253732222118,0.311664614933319
398,0.597118894667624,0.132387626861621,0.270322695587838
402,0,0.732582778170569,0.267085019886879
406,0.11656815333679,0.801629814558779,0.0814139783771642
410,0,0.999565393355989,0
430,0.476882989792444,0.457145211383357,0.065669087728509
431,0,0.855767036100565,0.143843068573421
439,0.0439805548347031,0.760996432635841,0.194666190185384
455,0.099156522882087,0.807244327359048,0.0932170562453451
458,0.200305756272527,0.466940833008534,0.332492051979943
461,0.22283798765098,0.574945787099281,0.201905376069466
464,0,0.217809619125574,0.782077190409488
467,0.202580938059218,0.294576442519966,0.502663903350513
468,0.0934408832318512,0.635864739242579,0.270384241397395
469,0,0.999583734384084,0
509,0.0236245068337315,0.975938525566569,0
515,0.189356213124476,0.526104698225874,0.284257023802619
520,0.00847887825519671,0.852680288052645,0.138448094233542
524,0.0107489334243402,0.831994347623676,0.156873064303822
526,0.252644409718265,0.584533698210812,0.16250150482344
527,0,0.833698402287805,0.165927737889512
531,0.123897661168386,0.875693432869006,0
536,0,0.924669344563738,0.0749149469975635
538,0,0.736657630213994,0.263004999475413
545,0.0743492189384196,0.728455099966537,0.196841470670193
549,0.0784437322710375,0.874872927233933,0.0462782186071433
563,0,0.437206499026855,0.562595598873862
569,0.137113617818635,0.302942461989436,0.559759939202276
576,0,0.999565393355989,0
585,0.0459261455780841,0.763134342845893,0.190576708676023
601,0,0.855767036100565,0.143843068573421
605,0.0669634006148962,0.672681892331988,0.260029997893865
610,0,0.891207074739123,0.108388973537146
615,0.547386009141946,0.452309739150898,0
623,0.420203894460019,0.295421106116529,0.28415245182549
636,0.123897661168386,0.875693432869006,0
638,0,0.805633288571411,0.193994166673755
640,0.196553981714441,0.725274414477752,0.0777996528545977
644,0,0.5404962117774,0.459255092776195
645,0.662324320099346,0.220639244767826,0.116808784318962
663,0,0.999565393355989,0
669,0.179974962170454,0.584579092612579,0.235133864454871
670,0.0455220748339782,0.823150589044135,0.130940170366765
671,0,0.974803092092889,0.0247638488972316
676,0.184081315294082,0.234131174659573,0.581627375247553
682,0.333098548516826,0,0.666809262840181
687,0,0.772000684492315,0.227651641057639
702,0.249810891207322,0.488654178772864,0.261257134319179
704,0.145122214442472,0.630615246751339,0.223944671662312
712,0.397943825535873,0.601538617935176,0.000159554991894491
720,0.00342386157174787,0.973019706220759,0.0231168654214035
721,0,0.7754149506718,0.22423887681278
732,0,0.801558436527985,0.198074187085223
736,0.128273189744122,0.733526419427553,0.137835785352896
738,0,0.569956979452832,0.429778375422281
741,0,0.8369251252723,0.162702803274746
750,0.201681976794161,0.67466167799952,0.123305176906277
757,0.198098010411751,0.783163677751412,0.0183422787436555
763,0.23797216878057,0.754249418097231,0.00738820603702628
768,0,0.68237568074717,0.317318829213015
773,0,0.960109383202296,0.0394608519612878
784,0,0.960109383202296,0.0394608519612878
794,0,0.999583734384084,0
795,0.46855768636391,0.288184389217192,0.243019610135
798,0.299953704736931,0.470045992491038,0.229712376171021
800,0.270205326898609,0.646097590566635,0.0833503164395044
802,0,0.909975635673142,0.0896119500616222
808,0.565090842758422,0,0.434796686950189
809,0.225203184865116,0.637779729348939,0.136678691408382
823,0,0.928744196607164,0.0708349265860976
827,0.178699131013968,0.762976218303374,0.0579413691977947
829,0.138549380948354,0.719836292362347,0.141256189178467
830,0,0.999565393355989,0
832,0.50579863853421,0.0301611507638082,0.463914916410718
841,0,0.851107401864365,0.148516839757621
843,0,0.555116570773748,0.44464080093794
848,0.00847887825519671,0.852680288052645,0.138448094233542
854,0.100792836017317,0.808073650033764,0.0907447087542636
856,0,0.999583734384084,0
858,0.349248703384329,0.58325252523958,0.067159121652412
870,0,0.617593407098926,0.382125652808203
872,0.109015806181282,0.694574434790693,0.196070237657845
874,0,0.594631461455735,0.405106685490195
879,0.0132493462484445,0.725780549576296,0.260631025285666
894,0.506307313605323,0.378612036857936,0.114796337485414
897,0.140582104104186,0.671987127609279,0.18709473152175
904,0.31230050628108,0.687336052772994,0
905,0.23797216878057,0.754249418097231,0.00738820603702628
908,0,0.999565393355989,0
935,0.0314617240353888,0.76436574774879,0.203811901942026
937,0.177735280636534,0.557000156692834,0.264972065580426
942,0.0232677642236541,0.828625032510726,0.147727352547181
945,0.0495370598089253,0.716861645249525,0.233255859184318
948,0,0.999583734384084,0
950,0.614129769855029,0.335205467578195,0.0503804453731134
955,0.101832009220512,0.897764175195766,0
963,0,0.999583734384084,0
967,0.409926261253537,0.125596524893317,0.464313581971289
971,0.494822189936868,0.504844583976104,0
972,0.159262171559404,0.652207692487463,0.188195026816669
973,0.0107489334243402,0.831994347623676,0.156873064303822
980,0,0.902119549571139,0.0974797184141513
984,0,0.999583734384084,0
987,0,0.732582778170569,0.267085019886879
989,0.54053493469735,0.459156080400035,0
992,0,0.544571063820827,0.455175072364727
1021,0,0.855767036100565,0.143843068573421
1038,0,0.960109383202296,0.0394608519612878
1045,0.386899140342829,0.577182600473887,0.0355761815459352
1047,0.182878063648604,0.816726648714523,0
1048,0,0.855767036100565,0.143843068573421
1051,0,0.928744196607164,0.0708349265860976
1078,0.745424639823036,0,0.254591141670389
1103,0.176263756945508,0.561792770305493,0.261644383779573
1106,0.484333480149728,0.29617335568512,0.219243248778086
1108,0.00131221596725984,0.713553996144887,0.284803451454502
1112,0.104735132363546,0.560312096486214,0.334673063915986
1117,0.186813674083397,0.679017702970235,0.133816376170788
1122,0.343000334315974,0.649649720211568,0.00698509074820675
1134,0.299143104882437,0.524735777353357,0.17581564101122
1146,0,0.960109383202296,0.0394608519612878
1170,0,0.999559909101529,0
1184,0.0406793946783571,0.823010519710457,0.135924274678999
1186,0,0.909975635673142,0.0896119500616222
1190,0,0.909975635673142,0.0896119500616222
1192,0,0.432005662738001,0.567800041025592
1204,0.509202066571345,0.490497341316911,0
1205,0.357994894364524,0.155986419749841,0.485866818700175
1206,0,0.85569368620632,0.143925779799222
1207,0.341588820975418,0.615892073518384,0.0421754853344828
1220,0.0130840164986956,0.964118775718102,0.0223597195550416
1222,0.999883139061368,0,0
1224,0.772074324551849,0.134551427311213,0.0931712506287757
1226,0,0.613473372283997,0.386246950788872
1228,0,0.782789875593966,0.216851210560746
1241,0,0.999565393355989,0
1247,0.632377981666829,0.25330351360498,0.114088779282484
1252,0.133503500885014,0.728991740146726,0.13714139756408
1253,0.0040370913608344,0,0.995977608296186
1256,0,0.999561737186349,0
1258,0.103210397863253,0.707858729241271,0.188581057170489
1259,0.0413136131786151,0.815928058549684,0.142375961260549
1262,0,0.801558436527985,0.198074187085223
1270,0.0743565943082438,0.925232959793101,0
1285,0.382809644406282,0.422234986937226,0.194676725024334
1296,0.768504625648666,0.105562207574289,0.125750372350418
1297,0.122223661198408,0.462191576221883,0.415344171278667
1303,0.0301142921420411,0.969451711419093,0
1305,0,0.637903951730302,0.361802847494091
1306,0.193541744897219,0.576847153851724,0.229305852275843
1308,0.381567975627497,0.54431931651106,0.0737822120432129
1310,0.260955014560762,0.665934877793376,0.0727520137455103
1312,0.679240136681493,0.253292879758342,0.067219728456415
1314,0.206222087132446,0.633289797141579,0.16015511704684
1317,0.408650430097051,0.30399365058411,0.287121086714215
1320,0.0489189219174846,0.512086627646504,0.438736784883669
1324,0.0679755559711653,0.790476258522674,0.141171186086361
1336,0.156483710409863,0.775354007446797,0.0677768634858019
1339,0.193093925903839,0.523819696250606,0.282805600565195
1344,0,0.736657630213994,0.263004999475413
1345,0.397943825535873,0.601538617935176,0.000159554991894491
1346,0.102724096390092,0.607521660285116,0.289454202581612
1372,0,0.805559938677166,0.194076877899557
1377,0.0610468901282736,0.552023033295704,0.386659540663278
1381,0.999949635866254,0,0
1382,0.2535569643119,0.737233554700578,0.0088215196235498
1386,0,0.565334602509296,0.43441359860672
1387,0.119869313493136,0.739615727484163,0.140155893883548
1394,0.348973291314236,0.465508234547609,0.185227261090149
1398,0.186942143181373,0.558148792210445,0.254608509610018
1407,0.592422755231322,0.245122882191255,0.162209132921707
1410,0.111440158257071,0.852242551037012,0.0359084543254834
1425,0.202076324310964,0.737452423208396,0.0600913395775773
1433,0,0.909975635673142,0.0896119500616222
1444,0.2360441416147,0.57227665261284,0.19136110382293
1450,0.180969186183111,0.742290277874404,0.0763663392680755
1455,0.206616434649249,0.696080542350454,0.0969412797181416
1457,0,0.969859246540447,0.0297038978509138
1462,0.55510658487526,0.0551848386795908,0.38955603965514
1464,0,0.803933286091872,0.195695439961751
1469,0,0.387868395112476,0.611969379657779
1470,0.855763812530971,0,0.144102525311096
1475,0.479411193675764,0.333225681910663,0.187105266360701
1477,0.0301142921420411,0.969451711419093,0
1478,0.123897661168386,0.875693432869006,0
1489,0.390777163247936,0.462412326027418,0.146514912212854
1492,0.170115678871258,0.697248985180934,0.132280683042371
1496,0,0.760647891886961,0.239018591102637
1500,0.331593755331141,0.668043224208899,0
1502,0.202880236940351,0.522147249929749,0.274684879990074
1506,0.172413400549438,0.827200226242748,0
1509,0.317373821987558,0.619312501384212,0.0629681598151679
1511,0.0753434429510768,0.886166285228361,0.0380739454833988
1515,0.247647668354545,0.498032597391809,0.254032792323245
1519,0,0.909975635673142,0.0896119500616222
1530,0.0441997108702906,0.677643348362634,0.277833020182668
1541,0,0.279222809365836,0.720641853489957
1550,0.0670540095042362,0.31156875151479,0.621199693281169
1556,0.184270822805802,0.6947089927427,0.120662623794647
1577,0,0.898892826586644,0.100704653028918
1605,0.126420042480016,0.853192125359673,0.0199780376956865
1608,0,0.999583734384084,0
1612,0.204346379480107,0.716766482779426,0.0785163096478582
1620,0,0.713740867342303,0.285944754588205
1629,0,0.978877944136316,0.0206838284857645
1630,0,0.744383529623941,0.255269334969232
1631,0,0.999559909101529,0
1636,0.0843676369136297,0.831299582900968,0.0839377979317067
1643,0.207665824835653,0.622120040511787,0.169887412768892
1650,0.403522435017331,0.354606387062341,0.241615562662537
1689,0.184720960741197,0.483956696405186,0.331058738393421
1695,0.321660719360638,0.560128577877978,0.117883688622429
1699,0,0.222023566561673,0.777860888127607
1708,0,0.909975635673142,0.0896119500616222
1711,0,0.909975635673142,0.0896119500616222
1716,0.493920607749061,0.0700298853184567,0.435906588729588
1717,0,0.520062725030459,0.479700952664637
1725,0,0.613473372283997,0.386246950788872
1737,0.0565992032381356,0.819641332622784,0.123371457444406
1738,0.0471194979629895,0.81707656604202,0.135419510768089
1757,0.0679573242982429,0.421806644627827,0.510029677443043
1769,0.758215801566983,0.140507184254181,0.101075395747992
1773,0.160256395572062,0.809918877749289,0.0294275016298723
1775,0.119416805729338,0.880185729803886,0
1778,0,0.801485086633741,0.198156898311023
1781,0.133025692975751,0.866564010004581,0
1782,0,0.468293830435488,0.531490860192618
1794,0.1010398043171,0.513845333255191,0.384852377901994
1812,0,0.909975635673142,0.0896119500616222
1820,0.793627842292342,0.193888313583096,0.0122421181226231
1821,0.0311472348469758,0.212463852587054,0.756273521297014
1834,0,0.909975635673142,0.0896119500616222
1835,0.180969186183111,0.742290277874404,0.0763663392680755
1840,0.123897661168386,0.875693432869006,0
1843,0.0857101566197309,0.913868837566093,0
1844,0.720257760366141,0.018720315447566,0.260854523305389
1852,0.00847887825519671,0.852680288052645,0.138448094233542
1855,0,0.902600710750977,0.0969996163136559
1857,0,0.85569368620632,0.143925779799222
1861,0,0.999583734384084,0
1866,0.0314617240353888,0.76436574774879,0.203811901942026
1870,0,0.902600710750977,0.0969996163136559
1878,0,0.660380396828654,0.339320787303306
1888,0.418262268630119,0.471119272851414,0.110312229958798
1890,0.277965082969396,0.716071718056717,0.00558104327574299
1892,0.160256395572062,0.809918877749289,0.0294275016298723
1899,0.0857137185977855,0.91388103503502,0
1908,0.109015806181282,0.694574434790693,0.196070237657845
1913,0.364789474806492,0.238067402335997,0.39694642601959
1917,0,0.518500927858885,0.481257050866485
1933,0,0.180950292061978,0.818959599408142
1946,0.201681976794161,0.67466167799952,0.123305176906277
1952,0.0857137185977855,0.91388103503502,0
1954,0.509202066571345,0.490497341316911,0
1956,0,0.766118397889427,0.233528282121498
1962,0,0.833698402287805,0.165927737889512
1970,0.394809518873905,0,0.605112513056086
1973,0.0487167900450246,0.592950931582886,0.358053336682796
1974,0.434472799639178,0.306469185848678,0.25881755755954
1980,0.132787167368378,0.777531490001353,0.0892989785452364
1989,0.106165260426676,0.560269027470707,0.333278805770422
1997,0.0301142921420411,0.969451711419093,0
2004,0.171951976825742,0.367487007656894,0.460349223764778
2005,0.444352228903584,0.389487441845885,0.165896646539031
2006,0,0.851692184057139,0.147923088984888
2016,0.099156522882087,0.807244327359048,0.0932170562453451
2018,0.32003959304302,0.535166817028905,0.144487621711429
2021,0.189849432287261,0.447776761869866,0.362118631465288
2022,0,0.905900783629716,0.0936919704730893
2028,0.242982298312629,0.467868272384894,0.288886549430137
2037,0.515683997641073,0.48401877628261,0
2039,0,0.509221584017019,0.490542074389415
2050,0.208223916605656,0.0339064750622535,0.757796560246377
2054,0.225059170091156,0.649137882904541,0.125455147286061
2059,0,0.999557710881426,0
2070,0.107083058398501,0.771930006832336,0.120609292159707
2077,0.345270389485118,0.628963779782598,0.0254100608184875
2082,0.321660719360638,0.560128577877978,0.117883688622429
2091,0.233396880900144,0.702026481602846,0.0642143779271057
2097,0.0236245068337315,0.975938525566569,0
2099,0.764552941187424,0.0313408952673619,0.20395309313019
2103,0.02640670735194,0.884705165916904,0.0884806731298876
2104,0,0.609398520240572,0.390326971200338
2106,0,0.999583734384084,0
2111,0.397943825535873,0.601538617935176,0.000159554991894491
2122,0.279240914125881,0.537674592365921,0.182773538532821
2124,0.196553981714441,0.725274414477752,0.0777996528545977
2125,0,0.905827433735472,0.0937746816988893
2127,0,0.833698402287805,0.165927737889512
2132,0.00703268958530577,0.79428160239104,0.198320619208802
2134,0,0.725281203142646,0.274389974913114
2136,0,0.440367812111771,0.559421007106444
2142,0.160256395572062,0.809918877749289,0.0294275016298723
2151,0.00394745436975811,0.84642689351604,0.149241644279906
2152,0.564054498051267,0.115866356468694,0.319905004945287
2159,0,0.960109383202296,0.0394608519612878
2160,0.147132833091065,0.785563525484787,0.0669168753338896
2162,0.0898899795101514,0.843477591631611,0.0662294846546876
2163,0.859725033764689,0.140070754144864,0
2180,0.617438324167345,0.108959177134332,0.273411482973473
2190,0,0.729356055186074,0.270309954501646
2195,0.126420042480016,0.853192125359673,0.0199780376956865
2197,0.0251778138803972,0.643145445659158,0.331371534385807
2199,0.244379479945052,0.631336021899228,0.123940855553335
2201,0.908952214865221,0.0908641187978046,0
2207,0.146563747555294,0.440220366550774,0.412980392050619
2208,0.0983313061273413,0.789321958655241,0.11197504460723
2215,0.0857137185977855,0.91388103503502,0
2216,0,0.79748358448456,0.202154207496689
2233,0,0.999565393355989,0
2248,0.00891379378579124,0.588491878223077,0.402321806638669
2249,0.673975543398918,0,0.325927770799286
2254,0.0636548463025796,0.898928182775851,0.0369989602935062
2267,0,0.609325170346328,0.390409682426138
2272,0.0107489334243402,0.831994347623676,0.156873064303822
2274,0.109170103087928,0.872928491465982,0.0174834842552025
2275,0.0935853075565976,0.889944354862634,0.0160501706686803
2280,0.0626606222899224,0.741216997514027,0.1957664854803
2282,0.018330767398423,0.904242598853539,0.0770121535520646
2283,0,0.999583734384084,0
2290,0.467923467863653,0.295266850377966,0.236567923553448
2296,0.0521671204904687,0.860969351243154,0.0864616174862518
2305,0.187244503099898,0.738122385057942,0.074256622517951
2306,0.269934873864174,0,0.7302022511158
2310,0.161553913910925,0.630882151104326,0.207239677895858
2314,0,0.796541241081297,0.203096947264706
2321,0,0.999583734384084,0
2329,0.559485223157884,0.221440592890834,0.218854770223242
2333,0,0.762043545846001,0.237608302532966
2339,0.122533716179081,0.781720532264069,0.0953670266251304
2340,0.298382711950463,0.458414284770433,0.242933959906901
2342,0,0.999558883242616,0
2352,0,0.490289114354002,0.509488902102329
2355,0,0.833698402287805,0.165927737889512
2357,0.0188548366627777,0.792082588091731,0.188691301430754
2361,0.288744928498647,0.516667039030939,0.194288399214591
2362,0.17770490700131,0.605265033041548,0.21670889438459
2363,0,0.85569368620632,0.143925779799222
2365,0,0.244084507223007,0.755803000491853
2368,0.160256395572062,0.809918877749289,0.0294275016298723
2374,0.275241847451972,0.067303943108825,0.657336385234831
2375,0,0.663607119813151,0.336095852688538
2377,0.230766607528962,0.414979936650461,0.354003113481107
2382,0.0784511264270071,0.710640723864684,0.21056734070112
2387,0,0.417238603953163,0.582579755315449
2388,0.201681976794161,0.67466167799952,0.123305176906277
2393,0.0832571355068927,0.771358482449956,0.145016608405256
2403,0.105080427524678,0.763670983026081,0.130876635569911
2419,0.322924934670429,0.316343636760401,0.360517055966526
2420,0.180969186183111,0.742290277874404,0.0763663392680755
2424,0.0521671204904687,0.860969351243154,0.0864616174862518
2427,0,0.909975635673142,0.0896119500616222
2456,0.999885067068931,0,0
2459,0.345688191764651,0.585964076299337,0.0680070787540691
2462,0,0.540422861883155,0.459337804001996
2464,0,0.999565393355989,0
2466,0,0.436080514781426,0.563720020614127
2469,0.0594336151669711,0.647674784120315,0.29258268563254
2470,0.160256395572062,0.809918877749289,0.0294275016298723
2471,0.199919381394442,0.59722511150641,0.202540211152635
2473,0,0.999559909101529,0
2474,0,0.851618834162893,0.14800580021069
2478,0.239443414472057,0,0.760552465893019
2480,0,0.751424688998834,0.248225285185555
2484,0,0.490289114354002,0.509488902102329
2488,0.600011983361374,0.15313893005187,0.246637344263925
2493,0.41422164542254,0.221293623080523,0.364287972290881
2518,0.157986340402919,0.830604818178259,0.0110025315595915
2535,0.0403193891659573,0.658216873287859,0.301143486447344
2537,0,0.924669344563738,0.0749149469975635
2549,0.254397261921325,0.745246635429317,0
2551,0,0.874535597034585,0.125066045097898
2572,0,0.74327498491198,0.25638532600849
2579,0,0.779416452820981,0.220241567627114
2587,0.144357008196868,0.774033032840196,0.0812270537897831
2597,0.14882511627159,0.467159701516351,0.383761871933972
2607,0.30269537810386,0.0776816666839328,0.619503505821856
2619,0,0.540422861883155,0.459337804001996
2622,0.289653679617893,0.703309820509228,0.00665602846563565
2651,0,0.924669344563738,0.0749149469975635
2652,0.346463185534936,0.601757486442993,0.0514293749459233
2658,0,0.764722743930385,0.234938570691172
2664,0.481487345728234,0.518186939126541,0
2665,0.0675902249591835,0.829831634540461,0.102192562381441
2672,0.302484424280701,0.566572285327688,0.130621524477477
2679,0.282615112082149,0.717041365019219,0
2706,0,0.999565393355989,0
2711,0.130106887503933,0.759107126145385,0.110419051142349
2726,0.0626606222899224,0.741216997514027,0.1957664854803
2727,0.280235138138538,0.695385777627746,0.0240060133460265
2730,0,0.909975635673142,0.0896119500616222
2737,0.0979137652367425,0.624544691118325,0.277231992790868
2742,0,0.999565393355989,0
2744,0,0.613473372283997,0.386246950788872
2750,0,0.732582778170569,0.267085019886879
2757,0.31809478247514,0.398389608726895,0.283263432882571
2760,0,0.829550200350133,0.170090469526781
2761,0.406223226484093,0.593437637056934,0
2765,0,0.85569368620632,0.143925779799222
2766,0.137903458409605,0,0.862098776531606
2791,0.222386779630439,0.46034382319744,0.3170044674627
2799,0,0.978877944136316,0.0206838284857645
2806,0.12213936866228,0.718929787055194,0.158580863953828
2810,0,0.909975635673142,0.0896119500616222
2819,0,0.855767036100565,0.143843068573421
2832,0,0.751351339104588,0.248307996411357
2841,0.293155530983923,0.636265109451188,0.0702281941909665
2846,0,0.659532267769725,0.340175873100004
2855,0,0.555189920667995,0.444558089712137
2860,0.21770999257126,0.625558523577513,0.156399852017786
2873,0.359819271089255,0.639826296251072,0
2875,0,0.999565393355989,0
2876,0.150700406599071,0.585840858410856,0.263154021670155
2878,0.160256395572062,0.809918877749289,0.0294275016298723
2890,0.117757667888648,0.480150017408292,0.401842479916645
2896,0.180969186183111,0.742290277874404,0.0763663392680755
2903,0.430785954615261,0.400554185062966,0.168376544112877
2905,0.999905494088611,0,0
2906,0.157813273492043,0.76568316924254,0.0761209198823175
2913,0,0.717815719385728,0.281864734176739
2914,0.464622307707307,0.357280937452581,0.177826008047064
2915,0.157986340402919,0.830604818178259,0.0110025315595915
2917,0.335641835155166,0.664001586009952,0
2927,0,0.764796093824632,0.23485585946537
2930,0,0.732582778170569,0.267085019886879
2931,0.396555254006412,0.381036687464475,0.22214091750739
2942,0.793734524715878,0.134061908547979,0.0720014560656222
2945,0,0.312896256851432,0.686961971927583
2947,0.321136350701456,0.678505619388184,0
2949,0.180969186183111,0.742290277874404,0.0763663392680755
2959,0,0.25087952396425,0.749006498575532
2964,0.420926671316065,0.513224077631321,0.0655233627003784
2975,0,0.999583734384084,0
2977,0.833919916455952,0.043503134464574,0.122401055713652
2979,0.131998651961475,0.606259894486838,0.261434045366328
2995,0.504748299891384,0.40131340649063,0.0936444621648996
3000,0.700840931313642,0.21077484154201,0.0881505116720388
3013,0,0.978877944136316,0.0206838284857645
3014,0,0.92059449252031,0.0789949674090318
3016,0.110445934244413,0.694531365775187,0.194675979512279
3019,0.0857137185977855,0.91388103503502,0
3026,0.188489121328548,0.387598562084842,0.423691737617821
3027,0.140015951791113,0.859576573029753,0
3044,0.122443080313344,0.180024032616058,0.697407223069404
3045,0.0613847911334371,0.919614123204822,0.018573990223224
3055,0.945425483855709,0.0543850976128329,0
3067,0,0.77522740747681,0.224426706442872
3070,0,0.978877944136316,0.0206838284857645
3073,0.251977394527952,0.491726794365297,0.256012557082479
3075,0.321635328518654,0.678013898417085,0
3076,0,0.928744196607164,0.0708349265860976
3086,0.0301142921420411,0.969451711419093,0
3088,0.253613231196837,0.4781233150971,0.26798584057121
3095,0.509202066571345,0.490497341316911,0
3099,0.00620882308605366,0.873366228481615,0.120023124163262
3110,0,0.92059449252031,0.0789949674090318
3111,0.304628779062764,0.644421240612965,0.0506042372369659
3127,0.149685042737847,0.633580171403093,0.216421176797259
3128,0.807945455946134,0.127092181797835,0.0647522105744569
3129,0,0.343715196337916,0.656121755241147
3153,0.773077997866884,0.211693576053864,0.0149858012041678
3158,0.422341517106819,0.57732077721768,0
3159,0.105556289465327,0.653101632812321,0.241023927051917
3166,0.105080427524678,0.763670983026081,0.130876635569911
3180,0.0544445698155814,0.676051207444936,0.269175709650509
3185,0.555141980579362,0.444563078706796,0
3191,0.115549569123103,0.527047307775581,0.357133036335323
3192,0.360652015380835,0.528471895944886,0.110554928953967
3202,0.207167485351361,0.660453276222823,0.132031450259199
3209,0.506429160824758,0,0.49344751426375
3214,0.0420251023598569,0.3743764668019,0.583407644751351
3215,0.378506866081308,0.490770092119264,0.13041321261077
3232,0.123897661168386,0.875693432869006,0
3233,0.157986340402919,0.830604818178259,0.0110025315595915
3241,0,0.974803092092889,0.0247638488972316
3242,0.156398287596441,0.444546295397666,0.398813896451192
3244,0,0.744049764076666,0.255612951437591
3246,0.141264106466852,0.265242664399717,0.59333106648363
3250,0.356438295064782,0.643222404021482,0
3252,0,0.978877944136316,0.0206838284857645
3256,0.227414978963811,0.33453457433387,0.437839786832926
3261,0.400213880705015,0.580852677506205,0.0185845250621766
3265,0,0.490289114354002,0.509488902102329
3268,0.360652015380835,0.528471895944886,0.110554928953967
3275,0.115350289374765,0.697395858620782,0.186905248550373
3284,0.160150062154528,0.186212713928449,0.653506295576537
3297,0.201681976794161,0.67466167799952,0.123305176906277
3299,0.402748509476479,0.407050301002583,0.189928165255055
3302,0,0.870460744991158,0.129146065509365
3317,0,0.978877944136316,0.0206838284857645
3324,0,0.999576422044805,0
3327,0.224769836909598,0.571268675628012,0.203650262789708
3331,0.0922701554522657,0.402192738710941,0.505324822848747
3332,0.171416425976561,0.828183676347084,0
3336,0,0.717889069279975,0.281782022950936
3341,0.151864121310541,0.723506369394664,0.12426453269471
3345,0.099156522882087,0.807244327359048,0.0932170562453451
3347,0.132898040581959,0.866707607711433,0
3351,0,0.609398520240572,0.390326971200338
3357,0.146160713585645,0.425054896736445,0.428550739192391
3361,0,0.941243837908038,0.0583386120553139
3371,0,0.179166491968514,0.820738194667829
3374,0.0726517420073979,0.732985053592538,0.19401188660457
3377,0.0501859886604503,0.671213943971482,0.278284762343599
3378,0.0669634006148962,0.672681892331988,0.260029997893865
3380,0,0.544571063820827,0.455175072364727
3382,0.822391717284334,0.177403831864386,0
3390,0.153546531909168,0.480828104370994,0.365362211968719
3393,0.114931723049103,0.504311835530533,0.380490269900628
3400,0.118857194086159,0.856745816714423,0.0239841433536824
3402,0.234532375001536,0.628209812265114,0.136918998551388
3408,0.12213936866228,0.718929787055194,0.158580863953828
3409,0,0.999583734384084,0
3410,0,0.805633288571411,0.193994166673755
3412,0,0.656305544785229,0.343400807714772
3413,0,0.978877944136316,0.0206838284857645
3415,0.0509107520516574,0.948672529430623,0
3416,0.173802523895175,0.603163985966647,0.222721696489034
3420,0.637112615635221,0.24689092727434,0.115744253081597
3426,0,0.999565393355989,0
3429,0.315689999277072,0.413230273063493,0.270829967333078
3430,0.293885785320379,0.524977490379605,0.180829252724136
3432,0,0.999583734384084,0
3433,0,0.974803092092889,0.0247638488972316
3437,0.614129769855029,0.335205467578195,0.0503804453731134
3438,0,0.0766724228327396,0.923301383449083
3439,0.0784437322710375,0.874872927233933,0.0462782186071433
3440,0.427292716146163,0,0.572631054964634
3447,0.394769975616708,0.149090337381882,0.455964413332026
3448,0,0.732509428276324,0.26716773111268
3452,0.108027141537037,0.705914075328817,0.185709342392259
3455,0.547386009141946,0.452309739150898,0
3458,0.0281178385352451,0.664532898475156,0.307032370328922
3466,0.181997752200172,0.797998561922507,0.0196041885209254
3470,0,0.905900783629716,0.0936919704730893
3471,0.338670787769271,0.610265418141319,0.0507127181526629
3480,0.378661264912585,0.620978925892163,0
3506,0.749876471109562,0.24988762240222,0
3524,0.719112825313443,0.280627850438597,0
3541,0,0.95273445828013,0.0468485182133215
3543,0.181363533699913,0.805081023083279,0.0131525019393768
3545,0.922886294718675,0.076909582451615,0
3548,0.154981497741667,0.517945354182983,0.326797853074812
3549,0,0.999565393355989,0
3552,0.181363533699913,0.805081023083279,0.0131525019393768
3553,0.00404903414836255,0.388385443013279,0.607384555194615
3555,0,0.978877944136316,0.0206838284857645
3557,0.162717628622395,0.768547662088135,0.0683501889204119
3561,0.0733231313472876,0.761253460342916,0.16506181664944
3572,0,0.770193249932853,0.229448261710032
3596,0,0.928744196607164,0.0708349265860976
3599,0.137724164193609,0.70191392365854,0.160014177540353
3609,0.179149745415708,0.566656723908773,0.253891852816755
3612,0,0.751424688998834,0.248225285185555
3615,0.524994825491494,0.377472344111735,0.0972540746251248
3618,0.0750081901375343,0.278390100835167,0.646448181991639
3620,0,0.978877944136316,0.0206838284857645
3622,0.351243346483379,0.44482229411864,0.203652231160429
3623,0.502090693930745,0,0.497927201549487
3625,0.58197194971398,0.41773819093255,0
3630,0,0.656305544785229,0.343400807714772
3635,0.573459387773252,0.150504163707164,0.275845697909345
3642,0.198945179221054,0.79058856240211,0.0100678121584302
3644,0.0857137185977855,0.91388103503502,0
3645,0,0.81625214541858,0.183377184021165
3649,0.291366896189239,0.112088546863686,0.59641889874856
3651,0.109891154531875,0.889705745276139,0
3662,0,0.891110090378887,0.108489710155646
3673,0,0.909975635673142,0.0896119500616222
3676,0.388507108078793,0.483098266456388,0.128089942142573
3679,0.578727946969679,0.293102936417655,0.127931507936613
3684,0,0.909975635673142,0.0896119500616222
3685,0.182639364856398,0.626683897392483,0.190344997196454
3711,0.217498160286416,0.447220845787906,0.335024341835721
3723,0.184698856233959,0.686754139891703,0.128192399721716
3726,0,0.850749840653874,0.148865828752907
3739,0.106239981287085,0.683043942146101,0.21038041611374
3770,0.153341112111666,0.260003938522004,0.586495546181668
3771,0.294578654940116,0.099002722418128,0.606300762118548
3774,0.305743822642057,0.567776785043538,0.126152044112805
3787,0.400213880705015,0.580852677506205,0.0185845250621766
3789,0,0.779489802715226,0.220158856401313
3791,0.369070148624229,0.372329740640477,0.258343599761448
3793,0,0.652116499441059,0.347585946530529
3798,0,0.706365942420136,0.29333242084024
3804,0.278425492196956,0.721200656883252,0
3808,0.221309594043994,0.315484292074503,0.463011398617124
3813,0.170115678871258,0.697248985180934,0.132280683042371
3818,0.099156522882087,0.807244327359048,0.0932170562453451
3828,0,0.717889069279975,0.281782022950936
3837,0,0.50505617313884,0.494709187812473
3838,0.115566535168162,0.808150832666201,0.0758923814699846
3839,0.0534503458029237,0.518340022183111,0.427943234837305
3844,0.163564949884378,0.583672587305424,0.252458539230234
3853,0,0,1.00018783342576
3865,0,0.713740867342303,0.285944754588205
3867,0.140015951791113,0.859576573029753,0
3885,0.0773132284516005,0.904052245958541,0.018210488233884
3896,0.433345537649884,0.448961685513248,0.11740350198626
3898,0,0.978877944136316,0.0206838284857645
3900,0.160256395572062,0.809918877749289,0.0294275016298723
3901,0.896511026412224,0,0.103370790990707
3903,0.00847887825519671,0.852680288052645,0.138448094233542
3913,0.190828469482307,0.629620385306048,0.179219520680576
3914,0.147132833091065,0.785563525484787,0.0669168753338896
3915,0.184326792851097,0.375475846099547,0.439979967885814
3923,0.142852159273328,0.651301187180308,0.205519701592032
3924,0,0.182296230592771,0.817613996671564
3929,0.127659202560765,0.73537268892047,0.136603904969134
3931,0.149825454102325,0.533767341008675,0.316125413967346
3933,0.190423931899832,0.809179773738315,0
3941,0.0864790246699715,0.91312222523742,0
3943,0.306269400509724,0.690655915563692,0.00269889532456968
3945,0.183239241352254,0.721604337445434,0.0947913093383562
3963,0.0738487516990149,0.536551988964828,0.38933474849462
3969,1.00003570130512,0,0
3978,0.191871745850634,0.646763429236881,0.161034586511157
3979,0,0.905827433735472,0.0937746816988893
3981,0.585569951712547,0.414122136984885,0
3987,0.0857137185977855,0.91388103503502,0
3989,0,0.999583734384084,0
3991,0.154451873291493,0.845158126910332,0
3994,0.105055667345057,0.894540803227915,0
3995,0,0.999576422044805,0
3996,0.254977373446946,0.419431784915367,0.325346030752679
4006,0.38241529688948,0.35944424172835,0.257890562353034
4013,0.593416979243979,0.402834067453079,0.00344160773491291
4018,0.00847887825519671,0.852680288052645,0.138448094233542
4022,0,0.717815719385728,0.281864734176739
4023,0.165835005053521,0.562986646876455,0.270883509300514
4027,0.165835005053521,0.562986646876455,0.270883509300514
4032,0.188817850833714,0.474672106572599,0.336247317008998
4038,0.843484600188879,0,0.156403531694041
4045,0,0.732656128064812,0.26700230866108
4050,0.509202066571345,0.490497341316911,0
4052,0,0.99955808101671,0
4057,0,0.999565393355989,0
4059,0.278597419149528,0.721031358004128,0
4062,0.48927047697496,0.220555789342308,0.289958447773201
4071,0,0.436153864675672,0.563637309388324
4077,0.239064216211835,0.43230536426937,0.328372106167822
4078,0.26676628049641,0.467671538823379,0.265291815396116
4085,0.300602633588455,0.424398291212993,0.274741279330305
4088,0.0613754151508229,0.938198951902398,0
4095,0,0.999583734384084,0
4100,0,0.909975635673142,0.0896119500616222
4101,0.224664822574353,0.586347137695664,0.188668984614761
4103,0.164840781040863,0.405275461614629,0.42965103448731
4104,0.24047325805505,0.515854044975185,0.243378553214869
4108,0,0.52596965084138,0.473798330050663
4119,0,0.747349836955408,0.252305305597022
4123,0.115566535168162,0.808150832666201,0.0758923814699846
4125,0.182639364856398,0.626683897392483,0.190344997196454
4127,0.12213936866228,0.718929787055194,0.158580863953828
4133,0.180969186183111,0.742290277874404,0.0763663392680755
4145,0,0.902600710750977,0.0969996163136559
4150,0.822339338547943,0.177430467858047,0
4161,0.130157106686834,0.633423784007724,0.236093220243302
4163,0,0.978877944136316,0.0206838284857645
4165,0.22025316101127,0.58842012431927,0.191005879581924
4184,0.338670787769271,0.610265418141319,0.0507127181526629
4187,0.0590510479469889,0.400832866141305,0.539905468942889
4188,0,0.999583734384084,0
4192,0,0.606171797256077,0.393551905815105
4193,0,0.586848725247975,0.412891742616925
4201,0.397943825535873,0.601538617935176,0.000159554991894491
4204,0.063495711626566,0.683413807273066,0.25275581444449
4205,0.0883030155702329,0.762203034665577,0.149131400019643
4222,0,0.678300828703745,0.321398849624481
4227,0.118281260686659,0.353557204703571,0.527967258775148
4234,0.160256395572062,0.809918877749289,0.0294275016298723
4240,0.198211674269803,0.801395596761345,0
4247,0,0.85569368620632,0.143925779799222
4249,0,0.909975635673142,0.0896119500616222
4251,0.0304601058667614,0.770886765856214,0.198290305034845
4258,0.581168664947916,0.231342762090973,0.187257007991907
4260,0,0.905900783629716,0.0936919704730893
4263,0.290094421437735,0.582715885059393,0.126859194758523
4275,0.213535903192407,0.423561554310224,0.362651467826794
4292,0.614129769855029,0.335205467578195,0.0503804453731134
4302,0.300947928749588,0.627757177752862,0.0709448509842269
4312,0,0.999583734384084,0
4320,0.0679755559711653,0.790476258522674,0.141171186086361
4324,0,0.960109383202296,0.0394608519612878
4325,0.31373437597881,0.457960516204385,0.228031422117996
4333,0,0.974803092092889,0.0247638488972316
4342,0.057181387996684,0.350882654313331,0.59175681339062
4347,0.153430254515089,0.578598189181808,0.267673497255471
4351,0.123897661168386,0.875693432869006,0
4353,0.241858466128821,0.757759864560039,0
4354,0.240242223949713,0.73356347766826,0.0258131761073084
4355,0.0206082167235357,0.719324455055321,0.259726245716322
4359,0.801646756801811,0,0.198237464558265
4360,0,0.551963197683497,0.447783024326906
4366,0.451416785615918,0.46586133192588,0.0824149604861582
4369,0.0843676369136297,0.831299582900968,0.0839377979317067
4376,0.321709771716307,0.419560436546985,0.258466279639807
4386,0.16192657424535,0.694312497267369,0.14340615955825
4390,0.149402888260208,0.764877585055818,0.0853418454041704
4400,0.216475717948445,0.5834106497821,0.19979446113064
4418,0,0.978877944136316,0.0206838284857645
4429,0.542977246406917,0.188540671676918,0.268277888172362
4435,0.118836472287043,0.615086067948765,0.265766172503574
4441,0.138108639128513,0.840430227812183,0.0210530228855791
4445,0,0.663607119813151,0.336095852688538
4446,0,0.905827433735472,0.0937746816988893
4458,0.130966653183067,0.835313081721922,0.0333160732472403
4459,0.012695864055629,0.447475428864639,0.539601716765345
4468,0.0856434680701145,0.652902457210172,0.261130293188784
4478,0,0.684823880205302,0.314857370863742
4480,0.16588405740919,0.422418505545461,0.411466100317893
4485,0,0.747276487061162,0.252388016822823
4488,0.0301142921420411,0.969451711419093,0
4489,0.229664308334655,0.760576370569999,0.00936677260755923
4498,0.265563283479199,0.528950761351923,0.205194301959788
4499,0.513033120421277,0.486675649295219,0
4509,0.00847887825519671,0.852680288052645,0.138448094233542
4512,0.36637752761297,0.62412592511659,0.00913506112798942
4520,0,0.999567658049752,0
4531,0.213632950370706,0.785976792517867,0
4543,0.2383115605285,0.686267519787796,0.0750577321064497
4550,0,0.999583734384084,0
4551,0.0514974701250491,0.537285651551978,0.410953184137624
4564,1.00017266480814,0,0
4579,0.131998651961475,0.606259894486838,0.261434045366328
4600,0.321293319692268,0.559567134824627,0.118813778296799
4606,0.0725199055891183,0.628547104945672,0.298619666892799
4611,0.0613754151508229,0.938198951902398,0
4619,0.0820975817444862,0.851985523329936,0.0655128278614272
4620,0.0655307335816229,0.769761392041243,0.164345159856178
4628,0.197401302976425,0.540399339695041,0.261908003164419
4655,0.999935332152568,0,0
4657,0.314145305377679,0.682925099600291,0.00256775578048494
4665,0.502434622954435,0.240414298192083,0.256937856629017
4685,0.0301142921420411,0.969451711419093,0
4691,0,0.855767036100565,0.143843068573421
4695,0,0.905900783629716,0.0936919704730893
4697,0.485460304913607,0.514235615046987,0
4710,0.570132191512226,0.250903092722452,0.178730941582447
4711,0.0139363660071819,0.310506300097469,0.675404651662895
4714,0.420926671316065,0.513224077631321,0.0655233627003784
4734,0.356821955964838,0.197890063245806,0.44510823883107
4737,0.136502410344312,0.343855396434282,0.519444790047468
4751,0.267111575657542,0.671030425363246,0.0614953870500411
4752,0.340940842938413,0.589579477712348,0.069137688222945
4754,0,0.99955808101671,0
4756,0.170115678871258,0.697248985180934,0.132280683042371
4761,0.133093132229293,0.86651141567907,0
4770,0.260203252668633,0.732171992722365,0.00723866636712132
4775,0.0840223417524966,0.627940696361098,0.287734226277785
4779,0.219785098138467,0.70290331778323,0.0769442289472191
4794,0.141382960657902,0.573038174791712,0.28528827593123
4796,0.113562416884334,0.676695391152943,0.209408273209397
4798,0.160256395572062,0.809918877749289,0.0294275016298723
4808,0.4063041057854,0.290509492593508,0.302971476892029
4811,0.443909517096257,0.424909537327466,0.130887170408862
4818,0.648173554277863,0.351574778630178,0
4822,0.146138609078408,0.627852340222963,0.225684400520684
4824,0.403924279151188,0.450957999360059,0.144845285482433
4831,0.0440209445411419,0.525566633956302,0.430161716471736
4847,0,0.999578250129625,0
4851,0.340940842938413,0.589579477712348,0.069137688222945
4856,0.128803018638255,0.442505887614982,0.428458931212172
4863,0,0.696060933316035,0.303630215251637
4873,0.182245017339596,0.563893152183608,0.253558834525153
4887,0,0.960109383202296,0.0394608519612878
4895,1.00017911337348,0,0
4903,0.304380712146384,0.695254345526648,0
4904,0.0443172620362372,0.150893082886413,0.804698953493338
4906,0.999876139699316,0,0
4938,0.12213936866228,0.718929787055194,0.158580863953828
4941,0.165051171155483,0.694147670161839,0.140450544860705
4948,0,0.833698402287805,0.165927737889512
4966,0,0.788786355497599,0.210869451092594
4977,0,0.874535597034585,0.125066045097898
4978,0,0.855767036100565,0.143843068573421
4986,0.369961493995378,0.515623925364696,0.114097959290614
5007,0,0.73658428031975,0.263087710701213
5012,0,0.974803092092889,0.0247638488972316
5031,0.0175397130213766,0.830007434032771,0.152068124189905
5048,0,0.909975635673142,0.0896119500616222
5054,0,0.92170303723227,0.0778789763697756
5057,0,0.66556318090553,0.334132996114364
5059,0.0866217375809135,0.912952669198718,0
5070,0.386096094211361,0.39878613997988,0.214841423952987
5072,0.223101792323552,0.776511520270056,0
5077,0.106332987346694,0.773186501628472,0.120111214071706
5081,0,0.978877944136316,0.0206838284857645
5086,0.077493705773549,0.922082092063144,0
5097,0.239848056059613,0.625082627362622,0.1347344055997
5102,0,0.978877944136316,0.0206838284857645
5117,0.377088142766592,0.622578822925771,0
5123,0.201681976794161,0.67466167799952,0.123305176906277
5125,0,0.999579346980517,0
5159,0.0225428759490133,0.977019661257814,0
5166,0.42341040360282,0.576249784272881,0
5167,0,0.978877944136316,0.0206838284857645
5169,0,0.348426854324736,0.651420783879722
5173,0.0818642105425045,0.899605995316747,0.0181066305226434
5199,0,0.999565393355989,0
5219,0,0.924669344563738,0.0749149469975635
5223,0.0266633252456574,0.950468455331926,0.0224331783304339
5234,0.0857137185977855,0.91388103503502,0
5238,0.329763130696242,0.588387645153956,0.0815140915257357
5250,0.351561606972143,0.64809224910882,0
5251,0,0.999583734384084,0
5252,0.11908565327206,0.501148359294149,0.379500986615363
5254,0.0545985242752573,0.608731504886922,0.336372364567441
5261,0.0850092495698572,0.659984918370946,0.254678606607233
5271,0,0.978877944136316,0.0206838284857645
5277,0,0.955961181264624,0.0436235835985562
5280,0.00847887825519671,0.852680288052645,0.138448094233542
5286,0.254832795468385,0.558836429009783,0.186014014880626
5296,0,0.874535597034585,0.125066045097898
5313,0.463084706426692,0.0428271355015039,0.493967670141166
5316,0,0.973567130704779,0.0259988611356519
5318,0.109891154531875,0.889705745276139,0
5326,0.209098491868926,0.525040540802532,0.265572250806579
5346,0,0.999560492640797,0
5363,0.300947928749588,0.627757177752862,0.0709448509842269
5365,0,0.924669344563738,0.0749149469975635
5381,0,0.909975635673142,0.0896119500616222
5386,0,0.47268253022198,0.52709165153996
5400,0,0.928744196607164,0.0708349265860976
5420,0.0571726216978024,0.627036087569659,0.315480173196967
5422,0.142086953027725,0.794718973269166,0.0628020837195023
5425,0.336449605329095,0.536073322336059,0.127162946936067
5430,0,0.99955808101671,0
5434,0.171681074909112,0.673802037180357,0.154181433575676
5437,0,0.905827433735472,0.0937746816988893
5458,0.105080427524678,0.763670983026081,0.130876635569911
5467,0,0.609398520240572,0.390326971200338
5469,0.36637752761297,0.62412592511659,0.00913506112798942
5474,0,0.999583734384084,0
5487,0.104735132363546,0.560312096486214,0.334673063915986
5493,0.0462506100038466,0.740310492206872,0.213091160255663
5495,0.321635328518654,0.678013898417085,0
5503,0,0.999565393355989,0
5515,0.723692989523402,0.137810502872535,0.138302160646966
5519,0.0613847911334371,0.919614123204822,0.018573990223224
5536,0.197507667567163,0.622327872421769,0.179833797931941
5543,0.0298184932105334,0.942201430386234,0.0275494963593203
5550,0,0,1.00017365644692
5557,0.0291842747102761,0.949283891547009,0.0210978097777691
5561,0.164821684995559,0.69973656912926,0.135084957002968
5562,0.415548285861512,0.510286544786561,0.0738608236436379
5564,0.175841191103391,0.792903014352635,0.0308608152163972
5565,0.105714646024937,0.756588521865309,0.13732832215146
5568,0.0107489334243402,0.831994347623676,0.156873064303822
5571,0.160256395572062,0.809918877749289,0.0294275016298723
5572,0.11656815333679,0.801629814558779,0.0814139783771642
5574,0,0.999579518027243,0
5586,0.027512779105743,0.314506598749469,0.657819374417256
5587,0,0.978877944136316,0.0206838284857645
5600,0,0.978877944136316,0.0206838284857645
5601,0.156295109926712,0.843317086082001,0
5605,0,0.999583734384084,0
5607,0,0.874535597034585,0.125066045097898
5635,0.111734708360071,0.853488824880188,0.0343683266890296
5644,0.0213197059047773,0.277772863307536,0.700757929207125
5663,0,0.974803092092889,0.0247638488972316
5680,0.607518739756828,0.285128956570631,0.10710696657358
5691,0.276712161552977,0.722921850212107,0
5700,0,0.974803092092889,0.0247638488972316
5710,0.252466704463045,0.683727527349564,0.0634396728587231
5725,0,0.717889069279975,0.281782022950936
5726,0,0.229300239497665,0.770587096567497
5735,0,0.855767036100565,0.143843068573421
5743,0,0.594704811349977,0.405023974264396
5745,0.619092446035433,0.0627233426731114,0.318013954076852
5756,0.31219599289858,0.687441155647474,0
5757,0,0.547888345640073,0.451863044738371
5776,0,0.960109383202296,0.0394608519612878
5781,0.178699131013968,0.762976218303374,0.0579413691977947
5784,0.255779652747272,0.743843266801798,0
5786,0.182245017339596,0.563893152183608,0.253558834525153
5789,0,0.999565393355989,0
5813,0.148803011764353,0.669957145002869,0.180895533262266
5818,0.0228930482750583,0,0.97715395329005
5825,0.0155532000400868,0.839663873223435,0.144395016904183
5827,0.310807212048784,0.515087285184508,0.173798032396726
5831,0.0960562335621268,0.818537685353478,0.0850127831215994
5833,0,0.960109383202296,0.0394608519612878
5834,0.0190337329130048,0.606366167026021,0.374319293610447
5843,0.374198143703948,0.321717004162244,0.303849123813129
5845,0.420060988821487,0,0.579876095330788
5854,0.232907834741758,0.381519711602737,0.385336125026983
5867,0,0.840999977315725,0.15862278286328
5873,0,0.978877944136316,0.0206838284857645
5879,0.109816662734999,0.595625481973126,0.294263782067325
5893,0.397943825535873,0.601538617935176,0.000159554991894491
5902,0.942052283782841,0,0.058096525606763
5912,0,0.574031831496258,0.425698355010814
5919,0.104735132363546,0.560312096486214,0.334673063915986
5926,0.00847887825519671,0.852680288052645,0.138448094233542
5929,0.15680260887854,0.212315814833304,0.630734808199296
5953,0,0.999560492640797,0
5973,0.276539810092092,0.648919014396724,0.0741853273320325
5979,0.157299056829252,0.827696845877514,0.0145961627113174
5986,0,0.978877944136316,0.0206838284857645
5999,0,0.909975635673142,0.0896119500616222
6009,0.179336220111257,0.82026538359343,0
6014,0,0.840999977315725,0.15862278286328
6018,0.523614810399418,0.366053786810512,0.110056946319361
6024,0,0.298202547960838,0.70165897499164
6041,0,0.874535597034585,0.125066045097898
6042,0.23397310210666,0.283878768840131,0.481951052739042
6054,0,0.960109383202296,0.0394608519612878
6066,0.268754806482397,0.493194742725802,0.237757792632747
6067,0,0.54134434083633,0.458400006979495
6074,0.535106591318963,0.207795300996472,0.256890595099972
6078,0.426408756166553,0.133382350975684,0.440070318143322
6082,0,0.855767036100565,0.143843068573421
6091,0,0.434775419657131,0.565043216172215
6093,0.327866153186384,0.470346089213619,0.201502260780645
6097,0.505038876604808,0.392776959179485,0.101892964322312
6102,0.397943825535873,0.601538617935176,0.000159554991894491
6108,0.0613847911334371,0.919614123204822,0.018573990223224
6130,0,0.960036033308051,0.039543563187089
6138,0.272153565641663,0.727478746867184,0
6144,0,0.540422861883155,0.459337804001996
6151,0,0.855767036100565,0.143843068573421
6152,0,0.999583734384084,0
6157,0.00847887825519671,0.852680288052645,0.138448094233542
6161,0,0.999565393355989,0
6162,0.614732038260757,0.277457541347397,0.107566537769999
6172,0.380145241720336,0.380130182157319,0.239465592282754
6180,0,0.678447528492235,0.321233427172879
6185,0.139323306489206,0.667392378422104,0.192943586585951
6196,0.172571432844855,0.504923621457952,0.322232468958807
6206,0,0.851692184057139,0.147923088984888
6213,0,0.736657630213994,0.263004999475413
6227,0,0.667755321750821,0.331933121051271
6228,0.690056914550206,0.309686029740185,0
6231,0.0731688344406424,0.582899403667627,0.343648570052083
6238,0.550025054503802,0.0198714531926822,0.429965321503804
6244,0.390207694655144,0.350936310030023,0.258607219146296
6263,0.190610687037802,0.493871261377419,0.315243740471471
6267,0,0.348336295489991,0.651507876891306
6274,0.136279325779212,0.740522232791318,0.122831219108185
6288,0.352367389849507,0.578671563415059,0.0686213560054344
6291,0.14336278418421,0.616321847578371,0.239994578976579
6292,0,0.521557316588896,0.478215564096022
6300,0,0.999565393355989,0
6301,0.1993434664794,0.532910198411385,0.267459085604185
6302,0.398225432679699,0.265430306982554,0.336119575435769
6303,0.0801642337768767,0.262568114009477,0.657120621099102
6307,0.168296238103854,0.521615431215301,0.309806196591053
6312,0.123897661168386,0.875693432869006,0
6316,0.662527489734957,0.304115265208883,0.0330972297700083
6318,0.0521671204904687,0.860969351243154,0.0864616174862518
6333,0.400852819521808,0.127250774901136,0.471751581872708
6334,0,0.855767036100565,0.143843068573421
6344,0,0.478912687282654,0.52087387754003
6347,0,0.909975635673142,0.0896119500616222
6348,0,0.783564654758651,0.216078835989847
6352,0.344924483963362,0.624301114924358,0.0304387616255867
6355,0,0.960109383202296,0.0394608519612878
6357,0,0.978877944136316,0.0206838284857645
6360,0.0314617240353888,0.76436574774879,0.203811901942026
6364,0,0.747349836955408,0.252305305597022
6370,0,0.848392111178398,0.151230734825456
6386,0,0.960109383202296,0.0394608519612878
6388,0,0.766118397889427,0.233528282121498
6397,0,0.688518860439293,0.311171647293261
6409,0.297457892584565,0.702189188175965,0
6448,0.0146843120809439,0.762897799388287,0.222066666391757
6454,0.0312109739676871,0.892374691516664,0.0760026257302473
6481,0.183474075040969,0.682663959412374,0.133509237545106
6483,0.508773113280082,0.488337833398125,0.00256511035941133
6497,0.0926215574360967,0.906973809389625,0
6510,0,0.924669344563738,0.0749149469975635
6511,0.13785176987544,0.719982038949564,0.141809717252612
6512,0,0.801485086633741,0.198156898311023
6526,0.0997333856308482,0.754488139987194,0.14541387140588
6531,0.163564949884378,0.583672587305424,0.252458539230234
6538,0,0.497754598110919,0.502014142838705
6543,0,0.999583734384084,0
6545,0.371956137094429,0.377193694243756,0.250591068798631
6547,0.0364685973856352,0.418511254188216,0.544817975752416
6554,0.533592937710489,0.221762391372043,0.244423657607462
6557,0.34464356514083,0.471814037574123,0.183247496330913
6585,0.138531204970629,0.60931998376504,0.251836591448756
6594,0.0392423239494057,0.960322288554668,0
6601,0,0.905827433735472,0.0937746816988893
6608,0,0.682449030641415,0.317236117987214
6618,0.167691296774476,0.641785110944629,0.190189189193091
6628,0,0.870460744991158,0.129146065509365
6632,0.0232677642236541,0.828625032510726,0.147727352547181
6633,0.119869313493136,0.739615727484163,0.140155893883548
6640,0,0.801558436527985,0.198074187085223
6663,0,0.805633288571411,0.193994166673755
6664,0,0.924669344563738,0.0749149469975635
6672,0,0.855767036100565,0.143843068573421
6674,0.614129769855029,0.335205467578195,0.0503804453731134
6676,0.205433751352247,0.416328096530302,0.377997576031623
6680,0.0335754752569206,0,0.966499803289287
6683,0.0890946946222584,0.91048492726461,0
6687,0.142852159273328,0.651301187180308,0.205519701592032
6708,0.547386009141946,0.452309739150898,0
6709,0,0.728434576232896,0.271247751524149
6721,0.260099735796115,0.611349160089777,0.128214566829486
6722,0.209186808770364,0.212364714111601,0.578294313861238
6727,0.0857137185977855,0.91388103503502,0
6735,0,0.749565082800461,0.250111294069935
6743,0.213632950370706,0.785976792517867,0
6746,0.166594440172024,0.710416652734681,0.122627301376499
6749,0.221219238093261,0.394281609150227,0.384261139837091
6776,0.0757660087931933,0.655056041181219,0.268857514046575
6787,0.0725199055891183,0.628547104945672,0.298619666892799
6794,0,0.833698402287805,0.165927737889512
6808,0.406223226484093,0.593437637056934,0
6814,0,0.95273445828013,0.0468485182133215
6816,0,0.559191422817174,0.440560780526473
6822,0.12213936866228,0.718929787055194,0.158580863953828
6826,0,0.713740867342303,0.285944754588205
6832,0.126203796686619,0.742437151314251,0.130990904776078
6835,0.129728596792332,0.626945834915807,0.243009075296048
6837,0.280235138138538,0.695385777627746,0.0240060133460265
6839,1.00008301860855,0,0
6868,0.382473115514718,0.309842448720292,0.307463849753745
6870,0.0857137185977855,0.91388103503502,0
6871,0.38728503903942,0.423525734283421,0.188913115087946
6874,0.28384605236938,0.649113080031379,0.0666851638543198
6880,0.0995924269325594,0.649490073081716,0.250590323286576
6889,0,0.909975635673142,0.0896119500616222
6895,0,0.99955808101671,0
6896,0.0692334557840387,0.651995951903017,0.278454967964147
6919,0,0.969859246540447,0.0297038978509138
6927,0.240135890532179,0.109857313847423,0.649891970053969
6934,0.417885868957312,0.119669172733568,0.462303364679933
6942,0.082779584107152,0.445241060120375,0.471749162823307
6958,0,0.387868395112476,0.611969379657779
6967,0,0.999583734384084,0
6972,0,0.851692184057139,0.147923088984888
6977,0,0.48534526880156,0.514428951056011
6978,0,0.999583734384084,0
6980,0.0140574877366563,0.605748057179812,0.379904101904182
6983,0,0.999583734384084,0
6999,0,0.772097668852552,0.227550904439137
7002,0,0.541270990942086,0.458482718205295
7010,0,0.956034531158871,0.0435408723727536
7014,0.0107489334243402,0.831994347623676,0.156873064303822
7024,0.420926671316065,0.513224077631321,0.0655233627003784
7027,0.157986340402919,0.830604818178259,0.0110025315595915
7030,0.103647760491405,0.860750482735337,0.0351917975322228
7036,0,0.464145628497817,0.535653591829886
7043,0,0.999583734384084,0
7045,0.201681976794161,0.67466167799952,0.123305176906277
7052,0,0.999583734384084,0
7054,0.359513437684488,0.530871191365888,0.109308854099374
7063,0.48782038397199,0.511853630264717,0
7075,0,0.99955808101671,0
7079,0.484842015545083,0.0471336890944049,0.467901555634527
7087,0,0.978877944136316,0.0206838284857645
7125,0.359819271089255,0.639826296251072,0
7138,0.0569939680797972,0.680274235299308,0.262404277778507
7146,0,0.779416452820981,0.220241567627114
7147,0.154981080416807,0.720103196715334,0.124551195412014
7152,0,0.960109383202296,0.0394608519612878
7161,0.160256395572062,0.809918877749289,0.0294275016298723
7178,0,0.928744196607164,0.0708349265860976
7195,0.123897661168386,0.875693432869006,0
7196,0.0890946946222584,0.91048492726461,0
7214,0,0.801558436527985,0.198074187085223
7236,0.149410282416178,0.600645381686569,0.249630967498147
7237,0.123897661168386,0.875693432869006,0
7239,0,0.999565393355989,0
7243,0.156801118135773,0.647888803051854,0.194979731689822
7280,0.203439916400849,0.474327293643511,0.321964365776383
7304,0.114594415662742,0.44764220391786,0.437526245328485
7313,0.789059500258458,0.206122132269104,0.00457698148154901
7314,0,0.833698402287805,0.165927737889512
7318,0,0.978877944136316,0.0206838284857645
7325,0.146138609078408,0.627852340222963,0.225684400520684
7326,0.259752669018734,0.739883326793187,0
7332,0,0.866385892947733,0.133226085920831
7333,0,0.855767036100565,0.143843068573421
7340,0,0.70439893849668,0.295279975339312
7344,0,0.660380396828654,0.339320787303306
7349,0.252370279558021,0.545837445620421,0.201486988885815
7355,0.0198652176406194,0.160944610801667,0.819103720124057
7361,0,0.874535597034585,0.125066045097898
7373,0.0390839477159098,0.601184200299114,0.359446517476623
7385,0.245482627520647,0.503640075753127,0.250589100427911
7387,0.613135545842371,0.17749428231637,0.209147970559909
7398,0,0.616864003997489,0.382852211936715
7399,0.000310597798632058,0.720075014252309,0.279281854547322
7403,0,0.78271652569972,0.216933921786547
7405,0,0.37248272094171,0.627344627041579
7411,0,0.999565393355989,0
7419,0.267111575657542,0.671030425363246,0.0614953870500411
7421,0.0314617240353888,0.76436574774879,0.203811901942026
7422,0,0.855767036100565,0.143843068573421
7423,0.17051002638806,0.76003973038981,0.0690668457136723
7432,0.133025692975751,0.866564010004581,0
7435,0.513033120421277,0.486675649295219,0
7436,0.425053048227157,0.469132359260511,0.105507289844878
7448,0.0498970653213261,0.881655291672125,0.0680366474159697
7460,0.545906353836466,0.05183393355557,0.402132346671593
7462,0.0958553627257406,0.869258414433664,0.0344751407389611
7467,0.625782406806025,0.241548129128227,0.132440111027342
7470,0.00321879999754663,0.378992860578741,0.617605252141147
7473,0.284854451658646,0.515088236267854,0.19975900441158
7476,0,0.436153864675672,0.563637309388324
7481,0,0.999565393355989,0
7484,0.241858466128821,0.757759864560039,0
7487,0,0.406710305940741,0.593109644956455
7492,0.160256395572062,0.809918877749289,0.0294275016298723
7495,0,0.613473372283997,0.386246950788872
7497,0,0.855767036100565,0.143843068573421
7501,0.433282099952749,0.341214360125562,0.225257143179216
7502,0,0.298202547960838,0.70165897499164
7504,0.12811232566054,0.534788301391235,0.336823034295772
7520,0,0.909975635673142,0.0896119500616222
7521,0.23128670842414,0.356557950753664,0.411940058115984
7525,0.293133546961903,0.57678180336568,0.129761536325563
7527,0.246888512306445,0.728501915690046,0.0242303228508812
7529,0.276539810092092,0.648919014396724,0.0741853273320325
7530,0.123897661168386,0.875693432869006,0
7536,0.0636548463025796,0.898928182775851,0.0369989602935062
7537,0.114811961736753,0.884774972675472,0
7545,0,0.413530719788829,0.586284792030713
7550,0.189834245469649,0.471909200044224,0.33798704586737
7556,0.2289679367308,0.770651704171277,0
7571,0.36211895830247,0.287066143325593,0.350604226057838
7574,0,0.855767036100565,0.143843068573421
7582,0.0130840164986956,0.964118775718102,0.0223597195550416
7585,0.276539810092092,0.648919014396724,0.0741853273320325
7598,0.142012232167316,0.671944058593772,0.185700473376185
7600,0.0613847911334371,0.919614123204822,0.018573990223224
7608,0,0.855767036100565,0.143843068573421
7610,0,0.960109383202296,0.0394608519612878
7617,0,0.978877944136316,0.0206838284857645
7620,0.448203609909601,0.551461162259668,0
7623,0.0857137185977855,0.91388103503502,0
7639,0.23870945293943,0.658209602797323,0.102740253654159
7653,0.0314617240353888,0.76436574774879,0.203811901942026
7659,0.182245017339596,0.563893152183608,0.253558834525153
7660,0.0420472068670941,0.171579023315383,0.786273983423057
7664,0.603276262543175,0.290164174884724,0.106294789147411
7674,0.167110836210006,0.384589521185659,0.448076004557591
7682,0.313508316082572,0.403842863153705,0.282386243597514
7693,0.19032006350191,0.732080759836413,0.0772263274199878
7695,0.177963926197,0.63178865641148,0.189915003120496
7701,0.128690097649158,0.832506184930702,0.0384030077659686
7705,0,0.902600710750977,0.0969996163136559
7715,0.194727146791068,0.713873063881368,0.0910360443093021
7722,0.157986340402919,0.830604818178259,0.0110025315595915
7724,0.317957997158221,0.677894018016202,0.00377388051446236
7725,0.132833741298119,0.548456704245878,0.318423374330517
7726,0.109170103087928,0.872928491465982,0.0174834842552025
7738,0,0.909975635673142,0.0896119500616222
7745,0,0.999583734384084,0
7752,0.0636548463025796,0.898928182775851,0.0369989602935062
7794,0.214254535508269,0.509218553976841,0.276244689914043
7797,0.173571135934249,0.813588954781607,0.0124358451461137
7802,0.999877441560396,0,0
7813,0,0.999559909101529,0
7820,0.202538197808676,0.797071053996362,0
7825,0.289149249780746,0.284436558466573,0.426209310962698
7850,0,0.805633288571411,0.193994166673755
7854,0.472106471148917,0.217416219819468,0.310285482924135
7858,0,0.447551676531303,0.55223367229339
7861,0.00401906753848482,0.995551668705666,0
7862,0.0854170271000334,0.757339081062299,0.156883930982459
7870,0.200286991117314,0.136676860332334,0.662922676937574
7888,0.525766377567125,0.28658311918733,0.187409018538245
7902,0.444407169054694,0.555250034890921,0
7911,0.00935314736561152,0.730034515425459,0.260272696889036
7919,0,0.362161010871566,0.637670902369467
7922,0.532343801612063,0.372908046644149,0.0944785314793902
7930,0.172808299882517,0.44545280070482,0.38148922167583
7934,0.00847887825519671,0.852680288052645,0.138448094233542
7940,0,0.924669344563738,0.0749149469975635
7942,0.260955014560762,0.665934877793376,0.0727520137455103
7943,0.0548039698645479,0.862145913888635,0.0826459606576003
7953,0.297457892584565,0.702189188175965,0
7959,0,0.678374178597989,0.321316138398681
7965,0,0.974803092092889,0.0247638488972316
7975,0,0.779489802715226,0.220158856401313
7977,0.474217866452377,0.0978177321155602,0.427825684147647
7979,0.123859870168119,0.10662497383074,0.769423266445785
7981,0,0.928744196607164,0.0708349265860976
7990,0.321518953883575,0.302449510519268,0.375831420248083
8006,0,0.697216089426254,0.302456403697356
8010,0.593416979243979,0.402834067453079,0.00344160773491291
8018,0.145707560213762,0.718410821824795,0.135521159390178
8025,0,0.924669344563738,0.0749149469975635
8029,0.117802427959605,0.843777688354192,0.0380193692643101
8031,0,0.905827433735472,0.0937746816988893
8034,0.569462013958366,0.13063997900859,0.299711663884932
8036,0,0.779489802715226,0.220158856401313
8038,0.0107489334243402,0.831994347623676,0.156873064303822
8039,0,0.978877944136316,0.0206838284857645
8051,0.909023959982445,0.0907756173976251,0
8054,0,0.999583734384084,0
8057,0,0.751351339104588,0.248307996411357
8060,0.00847887825519671,0.852680288052645,0.138448094233542
8067,0.610836285942439,0.38509031664489,0.00378948217901809
8073,1.00030820056218,0,0
8074,0.173571135934249,0.813588954781607,0.0124358451461137
8084,0.457620015036807,0.265182434277108,0.276978434606256
8089,0,0.999560492640797,0
8090,0.0412090447040711,0.958357449940599,0
8099,0.181419800584851,0.545970783479802,0.272316822887037
8102,0.397943825535873,0.601538617935176,0.000159554991894491
8119,0.240242223949713,0.73356347766826,0.0258131761073084
8124,0.0613847911334371,0.919614123204822,0.018573990223224
8125,0.290487306467804,0.636826536314517,0.0723336265618583
8128,0.214646404599143,0.483502654761235,0.301572657353246
8129,0.11784309070207,0.810957729457421,0.0708054469512562
8139,0,0.243920598494015,0.75597280472924
8155,0.398825309175555,0.360350747035505,0.240565887577671
8156,0,0.909975635673142,0.0896119500616222
8157,0.548166033046649,0.197384904161241,0.254237945391468
8161,0,0.833698402287805,0.165927737889512
8166,0.0925752063654404,0.755913610524746,0.151148901194171
8172,0.550997174009222,0.380380081941022,0.0683314576453046
8193,0.236784437815388,0.575798296105458,0.187096760459584
8198,0.210597343120039,0.789012624076735,0
8201,0.246398785046493,0.738659025238131,0.0145565494118379
8209,0,0.579954961505645,0.419799306768464
8220,0.641611529488296,0.288267844642709,0.0698699466807625
8226,0.331628318070929,0.235589588724336,0.432592967969505
8227,0,0.909975635673142,0.0896119500616222
8235,0,0.999583734384084,0
8244,0.181080408836921,0.613952681789237,0.204647296817614
8247,0.050360020869881,0.41511524894544,0.534315742265503
8248,0.0857137185977855,0.91388103503502,0
8261,0,0.999558717457657,0
8262,0.657825406246271,0.179262327399457,0.162683090719798
8265,0.107350482693822,0.742985042597112,0.149301605640191
8271,0.0698667804930917,0.832638531331681,0.097105627862713
8274,0,0.855767036100565,0.143843068573421
8282,0.326877142226043,0.583523691550677,0.0892666224885526
8292,0.288514851653786,0.33720912472411,0.374050232217454
8299,0.123897661168386,0.875693432869006,0
8309,0.00717885499663995,0.44390545816085,0.548706547369784
8311,0.119869313493136,0.739615727484163,0.140155893883548
8314,0,0.909975635673142,0.0896119500616222
8315,0.895638737707488,0,0.104204095813388
8322,0,0.846674988610451,0.152945849164372
8326,0.126420042480016,0.853192125359673,0.0199780376956865
8331,0.258373959299665,0.606684772883567,0.134609789208112
8338,0.0613847911334371,0.919614123204822,0.018573990223224
8345,0.708123587215765,0.287116631239161,0.00450203909959538
8348,0.170115678871258,0.697248985180934,0.132280683042371
8353,0.140219722412777,0.449805465750816,0.409732133926862
8356,0.252845712052409,0,0.747125376980303
8364,0.061497504530014,0.355703538901105,0.582610024282236
8367,0.543170613865858,0.445200809756309,0.0113168185760875
8368,0.371956137094429,0.377193694243756,0.250591068798631
8371,0,0.978877944136316,0.0206838284857645
8375,0,0.540422861883155,0.459337804001996
8377,0,0.978877944136316,0.0206838284857645
8386,0,0.928744196607164,0.0708349265860976
8392,0.407803108835069,0.488868725366821,0.103012736404393
8400,0,0.490289114354002,0.509488902102329
8407,0,0.613473372283997,0.386246950788872
8414,0,0.974803092092889,0.0247638488972316
8415,0.0613847911334371,0.919614123204822,0.018573990223224
8422,0.123897661168386,0.875693432869006,0
8425,0.0776899013155061,0.847272189738996,0.0746352515483082
8433,0.252370279558021,0.545837445620421,0.201486988885815
8434,0.410073164004211,0.46818278493785,0.121437706474677
8436,0.00131221596725984,0.713553996144887,0.284803451454502
8444,0.23553679471211,0.55306597009935,0.211091220618805
8446,0.50440465810455,0.399859420340258,0.0954412777407619
8457,0,0.60650556280335,0.393208289346748
8481,0.33911400801504,0.578178127115965,0.0823740796776493
8483,0.24095855746635,0.685023727813634,0.0736555951261506
8484,0.0107489334243402,0.831994347623676,0.156873064303822
8486,0.147583447492805,0.589244031090186,0.262867358952851
8504,0,0.634146352137718,0.365572570042453
8506,0.141833575059642,0.37671868039711,0.481238759550191
8519,0.0505312838215835,0.874572830511351,0.0744883339975208
8522,0.148549622945839,0.71216446669947,0.13893291871027
8528,0.0866376920827717,0.810613642471996,0.10236276800199
8533,0.227118661468717,0.709208125403761,0.063302549811323
8540,0.0831196536634066,0.451306209254487,0.465344052390379
8549,0.333133837930683,0.429295929636154,0.237306932618289
8551,0.101849143893346,0.555448142882934,0.342425594878804
8557,0,0.786791377743148,0.212853901375079
8565,0.277965082969396,0.716071718056717,0.00558104327574299
8568,0.0157766375099552,0.71232259124199,0.271568258188499
8574,0,0.663607119813151,0.336095852688538
8578,0,0.576784379474889,0.422945911943218
8597,0.369916878809679,0,0.630002687639555
8604,0.267809455198707,0.240605521229749,0.491400516673224
8605,0,0.786791377743148,0.212853901375079
8611,0.0231303668100091,0.25273174778818,0.724005766234622
8619,0.157986340402919,0.830604818178259,0.0110025315595915
8627,0,0.243920598494015,0.75597280472924
8645,0.213618228285685,0.78600703975588,0
8657,0.358300082092789,0.636076064845879,0.00528115723134463
8674,0.309110219358181,0.0664544290454171,0.62432708986512
8679,0.337412724830079,0.545693294019907,0.116590128124329
8683,0.115007053384087,0.884578780643109,0
8696,0.188570585694288,0.708777516311497,0.102292671004773
8713,0.437848693163817,0.275437736345916,0.286493660655477
8718,0.252897173824947,0.746736806541772,0
8721,0.280482582904666,0.415590262792086,0.303668051513943
8728,0.297457892584565,0.702189188175965,0
8733,0.0242950617474529,0.625239455841034,0.350167259162983
8736,0.0759109659640778,0.583672805669033,0.340129315250686
8742,0.340940842938413,0.589579477712348,0.069137688222945
8750,0.175253546532875,0.570910689757935,0.253533524420126
8753,0.016178372616702,0.255029610015956,0.728662706677393
8756,0,0.613546722178244,0.38616423956307
8767,1.00067585467268,0,0
8775,0.0999152616053273,0.778932851593163,0.12077286805491
8789,0.0528013389907265,0.853886890082381,0.0929133040678016
8794,0,0.236914151859797,0.762974220292571
8803,0.122533716179081,0.781720532264069,0.0953670266251304
8808,0,0,1.00056147407177
8825,0,0.978877944136316,0.0206838284857645
8828,0,0.663607119813151,0.336095852688538
8840,0.00586352792492151,0.670007341941748,0.323819552509337
8843,0.111285861350425,0.673888494361723,0.214495207728126
8844,0.213370573442658,0.66189978045203,0.12438016209617
8853,0.119869313493136,0.739615727484163,0.140155893883548
8862,0,0.924669344563738,0.0749149469975635
8877,0,0.710514144357807,0.289169689202971
8878,0.0873308960648126,0.401694405917234,0.510765263878145
8906,0.0228782718926787,0.698638514626351,0.278151215786603
8916,0,0.999562259496298,0
8924,0.123897661168386,0.875693432869006,0
8927,0,0,1.00049170616371
8928,0.264596042931383,0.550371694352237,0.184717824341505
8935,0.085001855413887,0.824217121740193,0.0903894845132579
8939,0.103549910096401,0.377596081359812,0.518650264046213
8940,0.1028390556565,0.577089979276264,0.319778746401478
8942,0.171807962051783,0.378845161212496,0.449125679642456
8953,0.0873308960648126,0.401694405917234,0.510765263878145
8957,0.298955988821439,0.380505634037134,0.320292067134194
8963,0.315736814718046,0.603701922210943,0.0802241092978653
8971,0.143246506790131,0.714091932389185,0.142305864263331
8974,0.272651805785333,0.599604050203083,0.127417868070387
8988,0.160256395572062,0.809918877749289,0.0294275016298723
8991,0.109170103087928,0.872928491465982,0.0174834842552025
8992,0.0454884069376774,0.437971840163854,0.516320366188668
8994,0.157202680181843,0.592137449988243,0.250347624291407
8998,0,0.832923623123119,0.166700112460412
9001,0.132992875974133,0.763971079748664,0.102666520179532
9011,0.0236245068337315,0.975938525566569,0
9031,0.634791885666027,0.0577187879354639,0.307331496077537
9045,0,0.751424688998834,0.248225285185555
9052,0.270806903703988,0.717497188594269,0.0113160730640337
9055,0.304748731031818,0.452916984244111,0.242063780165647
9060,0.0745856242954172,0.509500344882311,0.415664613428462
9062,0.679647806353914,0,0.320264711640078
9063,0.1347793320415,0.550594614455931,0.314333892821156
9066,0,0.786791377743148,0.212853901375079
9068,0.0943304720613368,0.694871134311207,0.21046052665119
9079,0.109464653190927,0.874174765309157,0.0159433566187501
9099,0.241858466128821,0.757759864560039,0
9104,0,0.540422861883155,0.459337804001996
9107,0.00847887825519671,0.852680288052645,0.138448094233542
9111,0.160256395572062,0.809918877749289,0.0294275016298723
9117,0.139751869953369,0.662594545174738,0.197315428468285
9126,0.171944992220559,0.797156980201799,0.030502486819765
9128,0.174846967090734,0.635191829090811,0.189628340403191
9151,0.0337968071097451,0.896490175843218,0.0692985571932435
9154,0.340940842938413,0.589579477712348,0.069137688222945
9172,0,0.488846191462975,0.510935241457405
9178,0,0.805559938677166,0.194076877899557
9190,0.138549380948354,0.719836292362347,0.141256189178467
9191,0.0650473270597333,0.84910144390628,0.0854520896644332
9196,0.180969186183111,0.742290277874404,0.0763663392680755
9197,0.100608755452454,0.604403814857024,0.294689136771486
9202,0.504445143278723,0.074887696334732,0.420528659129251
9204,0.0186626259801547,0.717186544845268,0.263815727225683
9212,0,0.999560492640797,0
9217,0.193147577007119,0.468366303546086,0.338227081768234
9221,0.173424233183574,0.471002694737069,0.355311720642733
9225,0,0.85569368620632,0.143925779799222
9240,0.180969186183111,0.742290277874404,0.0763663392680755
9242,0.313677323340484,0.543631679711724,0.142376706772604
9248,0,0.851692184057139,0.147923088984888
9250,0.136701891621328,0.509411988744175,0.353614787671362
9262,0,0.728434576232896,0.271247751524149
9266,0.15537584525847,0.58073609939186,0.263584015746112
9275,0.16395929740118,0.6464633325143,0.189244701901534
9280,0.388919661845428,0.563633782703455,0.0471061530191627
9316,0.0896009512339562,0.381008465488267,0.529190233948422
9325,0,0.999565393355989,0
9343,0,0.574031831496258,0.425698355010814
9345,0.318006869887188,0.583015981781973,0.0986490793681462
9348,0,0.56037331742338,0.439362078261414
9354,0,0.848392111178398,0.151230734825456
9356,0.154058430591917,0.016868584103652,0.829014307950686
9373,0.00847887825519671,0.852680288052645,0.138448094233542
9388,0,0.978877944136316,0.0206838284857645
9391,0.378506866081308,0.490770092119264,0.13041321261077
9394,0.403522435017331,0.354606387062341,0.241615562662537
9399,0.0880793756208659,0.815680263989404,0.0958551450060579
9401,0.153987273729009,0.360234168921158,0.485565378261607
9412,0.418656616146922,0.533910018060291,0.0470983926300977
9415,0.0969401956277375,0.665856458878288,0.236877310939474
9417,0.136279325779212,0.740522232791318,0.122831219108185
9422,0.0314617240353888,0.76436574774879,0.203811901942026
9426,0.403522435017331,0.354606387062341,0.241615562662537
9429,0.241858466128821,0.757759864560039,0
9441,0,0.978877944136316,0.0206838284857645
9447,0,0.663680469707396,0.336013141462737
9453,0.204346379480107,0.716766482779426,0.0785163096478582
9454,0.0613754151508229,0.938198951902398,0
9469,0.27065746198317,0.471947359243481,0.257112852377398
9490,0.205119513108114,0.79448837111595,0
9494,0.233953868523181,0.0153289972591569,0.750649466810695
9496,0.239247999937055,0.575852292406436,0.184580701294103
9506,0.234524105873549,0.47367724512731,0.29152216602726
9516,0.398951862174704,0.600721864061467,0
9518,0.0107489334243402,0.831994347623676,0.156873064303822
9520,0.18654779566457,0.49535804700157,0.317822346938717
9523,0.126420042480016,0.853192125359673,0.0199780376956865
9530,0.160256395572062,0.809918877749289,0.0294275016298723
9548,0,0.663607119813151,0.336095852688538
9557,0.0751573604266311,0.608422607570051,0.316114547288711
9576,0.155892683157989,0.478383845869688,0.365471328350844
9582,0.0376489818834103,0.564066950487123,0.398010876370532
9584,0.0396777765097293,0.82953153781788,0.130402677771819
9595,0.135563544504054,0,0.864459251586771
9596,0.145121797117612,0.83277308928369,0.0216980139995136
9598,0,0.960109383202296,0.0394608519612878
9603,0.180969186183111,0.742290277874404,0.0763663392680755
9613,0.0356286702796218,0.439154125601679,0.524998747536571
9614,0.550321103377177,0.410652409823844,0.0387316492436763
9620,0.218656488431402,0.780954194157108,0
9627,0,0.999560492640797,0
9630,0.0462506100038466,0.740310492206872,0.213091160255663
9632,0,0.999583734384084,0
9636,0,0.999572765875165,0
9642,0,0.663607119813151,0.336095852688538
9643,0.154100014101985,0.759133225082655,0.0863915204890354
9655,0.151095171440733,0.446473761087381,0.402186842004254
9658,0.206856485259407,0.580517230884043,0.212314195792083
9661,0,0.999583734384084,0
9663,0,0.978877944136316,0.0206838284857645
9665,0.149825454102325,0.533767341008675,0.316125413967346
9669,0,0.866752860826825,0.132851102224628
9671,0.877991143740079,0.121833155480313,0
9672,0.19626869706245,0.683255682730546,0.120120474966263
9688,0.0298184932105334,0.942201430386234,0.0275494963593203
9689,0.121954616917346,0.782557048739161,0.0951099410282863
9700,0,0.969859246540447,0.0297038978509138
9709,0.0983165957760735,0.82788719877251,0.0733978280295007
9713,0.0993158024343318,0.481854569007862,0.418573213575805
9726,0,0.92059449252031,0.0789949674090318
9727,0.00847887825519671,0.852680288052645,0.138448094233542
9732,0,0.656305544785229,0.343400807714772
9743,0,0.663607119813151,0.336095852688538
9752,0.170115678871258,0.697248985180934,0.132280683042371
9756,0,0,1.00008631451529
9783,0,0.851618834162893,0.14800580021069
9801,0.470702405479539,0.186553337361545,0.342540455904502
9809,0.123897661168386,0.875693432869006,0
9812,0.0785418336873915,0.666586533825812,0.254547335590679
9816,0,0.688518860439293,0.311171647293261
9820,0,0.999565393355989,0
9824,0,0.471611112254732,0.528178832566265
9827,0,0.909975635673142,0.0896119500616222
9828,0,0.891110090378887,0.108489710155646
9835,0,0.757421168902465,0.242243525717405
9843,0.132799508515192,0.507310941669272,0.359627589775807
9844,0,0.960109383202296,0.0394608519612878
9845,0.378506866081308,0.490770092119264,0.13041321261077
9851,0.454395624739741,0.469389386967586,0.0759029163089358
9885,0.834480435251379,0.165316186984946,0
9888,0.700382832499874,0.299379038372301,0
9923,0.436826058691259,0.549109922540413,0.013723810540469
9928,0.263172350341926,0.316586922340545,0.420028532433944
9933,0,0.660453746722901,0.339238076077503
9938,0,0.999565393355989,0
9946,0,0.377980704007589,0.621849477565146
9955,0,0.999576422044805,0
9959,0,0.999565393355989,0
9960,0.465249132051595,0.514430679661057,0.0199885725346377
9962,0.180969186183111,0.742290277874404,0.0763663392680755
9975,0,0.525064345330734,0.474702800540594
9978,0,0.663607119813151,0.336095852688538
9979,0.170914097132166,0.700023484191567,0.128703384022932
9982,0,0.324749435652797,0.675095960168717
9988,0.2677457941578,0.663947964202474,0.0679470736315897
10010,0.558608506646512,0.0855986863151218,0.355626007659227
10012,0.420532323799262,0.450433332422445,0.128737200029078
10015,0.106405311036834,0.444705716004295,0.448651721844364
10018,0.248238140743383,0.43414972240567,0.317356161351397
10024,0.0857137185977855,0.91388103503502,0
10030,0.0393097632029481,0.960269694229157,0
10033,0,0.999560492640797,0
10038,0.0659249014717228,0.878242242346881,0.0554239303637869
10047,0,0.999565393355989,0
10049,0.0420644812795407,0.937415984210134,0.0200882819559505
10058,0.0857137185977855,0.91388103503502,0
10059,0,0.645718905736678,0.353988976874336
10067,0.0840223417524966,0.627940696361098,0.287734226277785
10069,0,0.909975635673142,0.0896119500616222
10076,0.114051726819426,0.868696124137208,0.0168353889856427
10078,0.160256395572062,0.809918877749289,0.0294275016298723
10099,0,0.978877944136316,0.0206838284857645
10105,1.00001839636626,0,0
10111,0,0.85569368620632,0.143925779799222
10114,0.321635328518654,0.678013898417085,0
10122,0.140360518319931,0.709227978785907,0.150058395226148
10124,0.0721209422326403,0.927454378676229,0
10127,0,0.978877944136316,0.0206838284857645
10139,0.15537584525847,0.58073609939186,0.263584015746112
10145,0.308758003430792,0.690891475739188,0
10149,0.0392467276450849,0.920090019419714,0.040239436641309
10164,0.180969186183111,0.742290277874404,0.0763663392680755
10188,0,0.249852600525151,0.750031477832285
10189,0.190158700534497,0.609425885735734,0.200098077086865
10208,0,0.928744196607164,0.0708349265860976
10211,0.0999293029103629,0.45390423280418,0.445931188375543
10213,0.0163275429057993,0.585062116750842,0.398329071974463
10222,0.0524036350689414,0.498865932368598,0.448494350129459
10223,0,0.978877944136316,0.0206838284857645
10226,0.279987944393759,0.283740497679757,0.436071558675638
10237,0.306388156329731,0.68139247517736,0.0118458052699143
10243,0.0669634006148962,0.672681892331988,0.260029997893865
10259,0.712399972489809,0.1949451167692,0.0924330866698149
10265,0,0.786791377743148,0.212853901375079
10272,0.181363533699913,0.805081023083279,0.0131525019393768
10280,0,0.658663274260708,0.34103590164222
10281,0.326820427544716,0,0.673120999236797
10295,0.281465702315385,0,0.718542962416888
10301,0.158436954804659,0.634285323783657,0.206953015178553
10307,0,0.663607119813151,0.336095852688538
10312,0.0314543298794197,0.92859795111804,0.0395227798480486
10323,0,0.720185605590488,0.279481913504627
10331,0,0.999559909101529,0
10335,0,0.624092229131165,0.375629968136282
10336,0,0.72880154411199,0.270872767827944
10343,0,0.450847573566265,0.548940306324269
10350,0,0.92059449252031,0.0789949674090318
10351,0.40794310659182,0.576931791635291,0.0147832833752633
10362,0.367217454718982,0.603483053703126,0.0289542893438365
10369,0.0583236815872482,0.866064898813025,0.0752049907907826
10375,0.234612186145496,0.328056036061569,0.437124751324104
10376,0,0.960109383202296,0.0394608519612878
10386,0.171532468726032,0.623849926395616,0.204296726418753
10390,0.279536064429306,0.278674305298724,0.441597467851222
10399,0,0.999583734384084,0
10423,0.157986340402919,0.830604818178259,0.0110025315595915
10428,0,0.999565393355989,0
10431,0.0935853075565976,0.889944354862634,0.0160501706686803
10436,0,0.852466963221823,0.14715071441399
10437,0.339417719666106,0.0392723726768302,0.621200438793223
10445,0,0.767949466914882,0.231713636076405
10451,0.203952031963303,0.653975737570549,0.141730146976559
10454,0,0.891207074739123,0.108388973537146
10458,0.37496139708054,0.48769531570668,0.13704240494621
10460,0.0948537445571133,0.875779432541088,0.02895354383178
10466,0.173395280368521,0.449740752526603,0.376624756480358
10476,0.0600673764668844,0.355746607916613,0.584004282427799
10477,0.0518071149780683,0.696175704820555,0.251680829254598
10485,0,0.870460744991158,0.129146065509365
10488,0.101849143893346,0.555448142882934,0.342425594878804
10498,0.0130840164986956,0.964118775718102,0.0223597195550416
10508,0.519988176799849,0,0.479956320094242
10509,0.289700253547634,0.474235034753753,0.235780424250916
10513,0.137555156935697,0.562125107100522,0.300023714365263
10518,0.387259368261923,0.511722327137068,0.100707389663093
10521,0.36894730289662,0.630696873386646,0
10525,0.0452405088126899,0.606279747868985,0.348189890781152
10530,0,0.69714273953201,0.302539114923156
10531,0.0958553627257406,0.869258414433664,0.0344751407389611
10532,0.0458564421137463,0.631829641901232,0.322012389748056
10536,0,0.628240431068837,0.371467236499014
10544,0.385701746694558,0.335995394771003,0.278055261281688
10547,0,0.846523236610735,0.153097738802203
10587,0.203952031963303,0.653975737570549,0.141730146976559
10592,0.313122663759241,0.686515658466781,0
10595,0,0.900883588183029,0.0987147306525715
10600,0.339806727381921,0.659850818804154,0
10631,1.00015158451935,0,0
10638,0.375842463395362,0.448665287339358,0.175202079869189
10640,0.153089733284125,0.670792585841531,0.175782858850832
10643,0.0935927017125677,0.725712151493386,0.180339292762655
10645,0,0.999565393355989,0
10646,0,0.703139219435642,0.296557355455005
10661,0.339583651919391,0.641063837619476,0.0189923605255523
10663,0,0.594704811349977,0.405023974264396
10674,0.386439056277254,0.209227899457396,0.404155385989768
10677,0.223865691197515,0.754445256805771,0.0213054726003522
10683,0.148075097102476,0.851518143110126,0
10692,0.914187795391382,0.0856127280051784,0
10725,0,0.421814467633685,0.577983918208618
10744,0,0.805633288571411,0.193994166673755
10753,0.157592751190264,0.540247568447684,0.301866546119363
10767,0,0.999565393355989,0
10768,0,0.999565393355989,0
10792,0,0.901825931586291,0.0977719908845552
10793,0.0349563608721517,0.815863134963237,0.148802337737072
10800,0,0.999565393355989,0
10802,0.123864046828409,0.720132991882862,0.15564647817181
10817,0.17106849900055,0.0670054243669929,0.76184333748092
10827,0,0.95273445828013,0.0468485182133215
10836,0.179974962170454,0.584579092612579,0.235133864454871
10847,0,0.678374178597989,0.321316138398681
10848,0.552121329200628,0.407591502766292,0.0399997093408236
10850,0.225059170091156,0.649137882904541,0.125455147286061
10855,0,0.978877944136316,0.0206838284857645
10859,0,0.999572765875165,0
10862,0.148047091117105,0.645629232714758,0.205997472787539
10872,0.00847887825519671,0.852680288052645,0.138448094233542
10875,0.0764773887529594,0.356653113223767,0.566679607652438
10884,0,0.960109383202296,0.0394608519612878
10888,0.380933757127239,0.551401777671834,0.0673305254616618
10895,0.204346379480107,0.716766482779426,0.0785163096478582
10909,0,0.805633288571411,0.193994166673755
10915,0,0.359803281396086,0.640035808442019
10918,0,0.682449030641415,0.317236117987214
10925,0.585569951712547,0.414122136984885,0
10932,0,0.786791377743148,0.212853901375079
10934,0.0751499662706613,0.7726548109393,0.151825425194734
10955,0,0.851618834162893,0.14800580021069
10958,0,0.999560345710472,0
10963,0.175841191103391,0.792903014352635,0.0308608152163972
10972,0,0.974803092092889,0.0247638488972316
10974,0.181363533699913,0.805081023083279,0.0131525019393768
10976,0.194966781615648,0.804639003835083,0
10988,0.636118391622564,0.089179742012517,0.274511778268391
11010,0.312636525398085,0.614995280205372,0.0720198361741196
11022,0.599894969427142,0.20404855037157,0.195838577140058
11039,0.205227863119789,0.475578611879754,0.318922642233636
11046,0.224664822574353,0.586347137695664,0.188668984614761
11048,0,0.675147455613494,0.324541073013447
11049,0,0.960109383202296,0.0394608519612878
11050,0.139179842252817,0.638664897233364,0.221835553004776
11051,0,0.924669344563738,0.0749149469975635
11066,0.157986340402919,0.830604818178259,0.0110025315595915
11073,0.304905411913429,0.355863186030955,0.339004791743868
11075,0.109170103087928,0.872928491465982,0.0174834842552025
11081,0.33521533070628,0.493925448540646,0.17055755604892
11082,0,0.851692184057139,0.147923088984888
11084,0,0.679977107865195,0.319706142464054
11087,0,0.974803092092889,0.0247638488972316
11093,0.244379479945052,0.631336021899228,0.123940855553335
11106,0.24508137037994,0.174791509949922,0.579986841616415
11107,0.0697050739818258,0.280317566524883,0.649821127544699
11129,0.154058430591917,0.016868584103652,0.829014307950686
11132,0,0.587329886427812,0.412411640516429
11140,0.0637914927513649,0.867856900812834,0.0679431851222797
11141,0.0337317792045323,0.743679807319821,0.222236872012306
11142,0.420926671316065,0.513224077631321,0.0655233627003784
11146,0,0.697216089426254,0.302456403697356
11150,0.167845623702115,0.717934925609903,0.113855712972092
11160,0.347021065660733,0.214421856805122,0.438384533281463
11193,0.298521037703657,0.567125492200293,0.134027538133334
11196,0.2383115605285,0.686267519787796,0.0750577321064497
11205,0.0561098933030426,0.627640599638517,0.315944341668162
11217,0.181476743404155,0,0.818489584536448
11220,0.325755611845329,0.592763152884524,0.0811455251749147
11237,0.180693774113018,0.624545987182433,0.194434478705813
11239,0.333563616858895,0.53120936873278,0.134915477898884
11242,0.585872026244441,0.131546484315746,0.282386989109568
11243,0.547386009141946,0.452309739150898,0
11244,0.221843763638321,0.417234601837455,0.360672901256262
11245,0.141032718505925,0.475667633214677,0.383045215140712
11266,0.160256395572062,0.809918877749289,0.0294275016298723
11271,0.0857137185977855,0.91388103503502,0
11278,0,0.53719613889866,0.462562738616762
11280,0.0360668622788887,0.875804235414249,0.0877235272635229
11303,0.411239971605309,0.588421874789376,0
11305,0.278246690113223,0.379963407104096,0.341541063719617
11306,0.205876971598016,0.384240805504948,0.409658937556609
11313,0.0648940063833291,0.781108746336648,0.153624827566954
11344,0.519171733498188,0.398482055328641,0.0820761398377641
11350,0.308570152430109,0.464575630303185,0.226579466518825
11355,0.117209765993017,0.630315150028757,0.252154787052691
11376,0,0.900883588183029,0.0987147306525715
11378,0,0.69714273953201,0.302539114923156
11383,0,0.960109383202296,0.0394608519612878
11406,0.235601247779933,0.374384585901506,0.389788237277303
11440,0,0.79748358448456,0.202154207496689
11454,1.00006285351581,0,0
11462,0.375099361656996,0.389285629941698,0.235350800668366
11468,0.194841509475362,0.45452023697727,0.350389073343276
11479,0.500758202787071,0.258514620875005,0.240495790580454
11483,0,0.969859246540447,0.0297038978509138
11490,0,0.960109383202296,0.0394608519612878
11511,0.422719677439888,0.460466823700611,0.116518381664286
11517,0.0743982043785307,0.838891925868288,0.0863120778163481
11522,0.247831452079766,0.641579525528876,0.110241387449525
11528,0.999909752719439,0,0
11547,0,0.999565393355989,0
11554,0,0.999583734384084,0
11569,0.566435066789877,0.0207779584998359,0.412640646728442
11580,0,0.732582778170569,0.267085019886879
11583,0,0.999583734384084,0
11620,0.537895716035463,0.153227286190004,0.308687170021027
11622,0.238680514522435,0.559020413315407,0.201991077974092
11635,0.0405559037444319,0.2961134544133,0.663176219090551
11638,0,0.978877944136316,0.0206838284857645
11642,0.199326227390015,0.43177860699565,0.368651961667447
11656,0.313077267217927,0.494401344755538,0.192223002467006
11659,0,0.421386805890832,0.578417023678183
11667,0.149797235777011,0.827668330264694,0.0221280080754704
11676,0.305475579796847,0.58349265679044,0.11071512666337
11679,0,0.978877944136316,0.0206838284857645
11682,0.0786519972633933,0.659919994784498,0.261104983083758
11696,0,0.924669344563738,0.0749149469975635
11703,0.165835005053521,0.562986646876455,0.270883509300514
11707,0,0.99955808101671,0
11713,0.133025692975751,0.866564010004581,0
11716,0,0.960109383202296,0.0394608519612878
11732,0.277965082969396,0.716071718056717,0.00558104327574299
11742,0.255955708427163,0.44601553982228,0.297761617916404
11746,0.00780997511530931,0.445322914018745,0.5466606319346
11747,0,0.55926477271142,0.440478069300671
11752,0,0.732582778170569,0.267085019886879
11753,0.0301142921420411,0.969451711419093,0
11770,0,0.85569368620632,0.143925779799222
11788,0.156992116390261,0.672893632916433,0.169770056746388
11792,0.147132833091065,0.785563525484787,0.0669168753338896
11801,0,0.978877944136316,0.0206838284857645
11805,0.00847887825519671,0.852680288052645,0.138448094233542
11806,0.257449735486923,0.469631344732367,0.272646706778374
11822,0,0.978877944136316,0.0206838284857645
11836,0.165835005053521,0.562986646876455,0.270883509300514
11837,0,0.999572765875165,0
11851,0,0.751424688998834,0.248225285185555
11860,0.175694288352717,0.4503167543081,0.373736690713012
11874,0.0899952987507578,0.44379921069714,0.465976396619727
11882,0.0396777765097293,0.82953153781788,0.130402677771819
11899,0.280235138138538,0.695385777627746,0.0240060133460265
11926,0.553029897165054,0.332530917187954,0.114169999988586
11933,0,0.811308299866136,0.188317232974849
11940,0,0.874535597034585,0.125066045097898
11946,0,0.755704046334516,0.243958640056322
11962,0,0.836998475166544,0.162620092048946
11963,0,0.490289114354002,0.509488902102329
11965,0,0.999565393355989,0
11975,0,0.905827433735472,0.0937746816988893
11979,0.0669634006148962,0.672681892331988,0.260029997893865
11993,0.0392423239494057,0.960322288554668,0
12006,0,0.529894563870738,0.469867693642996
12011,0.214205662779302,0.604096590211072,0.181369491060357
12019,0,0.999578250129625,0
12042,0,0.529894563870738,0.469867693642996
12060,0.386714285094096,0.580883322191474,0.0320690229064197
12061,0.0107489334243402,0.831994347623676,0.156873064303822
12063,0.15574206326722,0.776454950512642,0.0674219085063519
12072,0,0.999583734384084,0
12082,0,0.805559938677166,0.194076877899557
12097,0.096270534411887,0.802380373755769,0.100969587208162
12099,0.112790710273965,0.79662034002161,0.090202559925878
12107,0,0.978877944136316,0.0206838284857645
12109,0,0.928744196607164,0.0708349265860976
12110,0.0107489334243402,0.831994347623676,0.156873064303822
12134,0.619708379336488,0.0882732367053624,0.291836453043754
12145,0.173571135934249,0.813588954781607,0.0124358451461137
12152,1.00013718469018,0,0
12173,0.647731294375461,0.169691085861115,0.182366831304868
12178,0.424085726808809,0,0.575831856965315
12184,0,0.8369251252723,0.162702803274746
12198,0.237225111362793,0.762390078856073,0
12202,0.26765662599004,0,0.732290311048081
12206,0.36894730289662,0.630696873386646,0
12208,0.310627483534876,0.118851112281002,0.570407697258377
12210,0.0558967905413168,0.805433213260453,0.138287677939892
12230,0.0731688344406424,0.582899403667627,0.343648570052083
12234,0.241002747831934,0.64446383079585,0.114191205900552
12236,0.0413210073345848,0.651695855180435,0.306665083354525
12238,0.319304805550911,0.201821412604662,0.478707913296927
12241,0.353667461685375,0.345422375154909,0.30068519964043
12245,0.153705666585182,0.696342479873778,0.149605357817735
12255,0,0.887058872801451,0.112551705174414
12256,0,0.649003969757307,0.350705762741006
12260,0,0.436080514781426,0.563720020614127
12268,0.522264455795868,0.256169271551802,0.221339050534161
12275,0.365405408107549,0.263617296368246,0.370768924986492
12280,0.147132833091065,0.785563525484787,0.0669168753338896
12284,0,0.717889069279975,0.281782022950936
12292,0.182266704521974,0.563253551229441,0.254178515534061
12315,0.307416319397051,0.69221851396778,0
12325,0,0.779416452820981,0.220241567627114
12331,0.156782839045047,0.842826606001096,0
12347,0,0.905900783629716,0.0936919704730893
12350,0.318401217403991,0.64580672699085,0.0354352420394461
12357,0.178699131013968,0.762976218303374,0.0579413691977947
12360,0.0807580625706958,0.490915451528243,0.428076781394299
12363,0.0984023025443629,0.759395573045623,0.141838440253243
12370,0.668106672390073,0.331626560671143,0
12374,0.191094406367622,0.477479003363819,0.331160382490269
12383,0.295720402146156,0.486485448992009,0.217500207084539
12385,0.0843676369136297,0.831299582900968,0.0839377979317067
12390,0,0.464145628497817,0.535653591829886
12396,0.220962100371937,0.70411257783389,0.0745591765067922
12397,0.327535821672551,0.408920001437671,0.263285737045061
12401,0.283198397289722,0.265780600644014,0.450833479292462
12412,0.0121462370525838,0,0.987854689335464
12414,0.0505312838215835,0.874572830511351,0.0744883339975208
12420,0,0.760647891886961,0.239018591102637
12430,0.0978024365648301,0.901793390155579,0
12432,0.348450115841086,0.389943204719979,0.261349139894444
12434,0,0.999565393355989,0
12438,0.646971898934417,0.134221034705987,0.218597434494095
12443,0.0274649097950711,0.972112099068144,0
12451,0.365983180096167,0.561335179907712,0.0723488984566907
12453,0,0.540422861883155,0.459337804001996
12464,0,0.905900783629716,0.0936919704730893
12466,0.456098650063067,0.00743413519080571,0.536358767811583
12467,0.290930594109037,0.647376041033032,0.0613351659751444
12468,0.0766316856596036,0.535007169899052,0.388092854249801
12469,0,0.678300828703745,0.321398849624481
12483,0.538241011196596,0.356586172729873,0.104890741674949
12487,0.13215294886812,0.784613951162127,0.0828472919636865
12504,0.0681281995035111,0.766925414808467,0.164584045453932
12505,0.0857137185977855,0.91388103503502,0
12514,0,0.341551807406446,0.658282123127024
12522,0.254940653679136,0.0621216173815675,0.682840023028913
12529,0.0446079719092008,0,0.955377984805049
12530,0.00847887825519671,0.852680288052645,0.138448094233542
12537,0,0.924669344563738,0.0749149469975635
12566,0.418656616146922,0.533910018060291,0.0470983926300977
12582,0,0.579954961505645,0.419799306768464
12592,0.0189649858986804,0.897160137692765,0.0834638401336158
12593,0,0.887058872801451,0.112551705174414
12604,0.0107489334243402,0.831994347623676,0.156873064303822
12615,0.0397771516979512,0.192264963744353,0.767849013352776
12630,0.392668927705478,0.309565094368872,0.297529906436832
12646,0.426661535917768,0,0.573272878297394
12659,0,0.999583734384084,0
12679,0.404891520909125,0.594779006431344,0
12680,0.0427953325675579,0.578280417509436,0.378643390315613
12686,0.145516561959274,0.693405991960215,0.160730834333613
12689,0.469227445950805,0.468719425118038,0.0617376333685635
12693,0.0843676369136297,0.831299582900968,0.0839377979317067
12706,0.0138219244865657,0.709624562773327,0.276226411290323
12712,0,0.999565393355989,0
12719,0.269381630826685,0.650344484934276,0.0799203571203219
12721,0,0.786791377743148,0.212853901375079
12723,0.411348995160696,0.289785659247055,0.298630201731753
12739,0.0521671204904687,0.860969351243154,0.0864616174862518
12744,0.159284276066641,0.449410249000945,0.391061365488375
12747,0.553662581927477,0.446034625074879,0
12749,0.550294655769335,0.316503581128636,0.132948961004312
12752,0.149231625308506,0.305420003489906,0.545169253672153
12755,0.244770342533577,0.588030301137079,0.166872388017084
13193,0.0291916688662467,0.785051688177762,0.185386931871743
13281,0.0301429576362965,0.919377579747214,0.0500639479389595
13341,0,0.732582778170569,0.267085019886879
13509,0.105245757274428,0.525332756884276,0.369147941300534
13753,0.055713006816097,0.66188628512339,0.282079082813609
13896,0.344679279288143,0.25788990647332,0.397240388870236
13920,0.423601916769702,0.261574857884346,0.314614050645134
13947,0.0890443937006996,0.758856420080008,0.151731962901046
13976,0.139966170803129,0.64643723357703,0.213272232554848
14703,0,0.909975635673142,0.0896119500616222
14970,0.151842878757103,0.327722217754607,0.520237946716702
15504,0.299522655872285,0.56060447409287,0.139549135040515
15839,0.600984396799212,0.333528005843996,0.0652254228604959
15965,0,0.960109383202296,0.0394608519612878
16429,0.890783660794674,0,0.1091190729944
16533,0.227784520238767,0.771824771292682,0
16631,0.0103473713782698,0.887745700687285,0.101505171702239
16634,0.258229063778878,0.473287877106641,0.268206526169874
16641,0.111285861350425,0.673888494361723,0.214495207728126
16653,0,0.91372448645091,0.0858601636832972
16659,0.259135573793359,0.490301323827744,0.250277527294191
16666,0.0567796528899377,0.808175635539364,0.134662364901726
